niv,deiziad_degemer,insee,kumun,stagadenn,lec_hanv,stumm_orin,rummad,stumm_dibab,deiziad_restr
2200,2013-03-25,29152,Motrev,,Moulin Provost,Moulin Provost,Kêriadenn,Meilh Provost,2016-02-08
131992,2013-03-08,29152,Motrev,,Lost an Ale,Lost an Ale,Kêriadenn,Lost an Ale,2016-02-08
2213,2013-03-25,29152,Motrev,,Cateliner,Cateliner,Kêriadenn,Kateliner,2016-02-08
6566,1970-01-01,29152,Motrev,,Motreff,Motreff,Kumun,Motrev,2016-02-08
97117,2009-01-29,29152,Motrev,Fontaine,Saint-Leuffroy,Fontaine Saint-Leuffroy,Monumant,Feuteun Sant-Leri,2016-02-08
2222,2013-03-25,29152,Motrev,,Saint-Sauveur,Saint-Sauveur,Kêriadenn,Sant-Salver,2016-02-08
2209,2013-02-07,29152,Motrev,,Kermangis,Kermangis,Kêriadenn,Kermañjiz,2016-02-08
10183,2013-03-25,29152,Motrev,,Kerantigoff,Kerantigoff,Kêriadenn,Kerantigov,2016-02-08
2205,2013-03-11,29152,Motrev,,Kergaravat,Kergaravat,Kêriadenn,Kergaravad,2016-02-08
2173,2013-03-08,29152,Motrev,La,Grande Ile,La Grande Ile,Kêriadenn,An Enez Vras,2016-02-08
2210,2013-03-25,29152,Motrev,,Kerrouiller,Kerrouiller,Kêriadenn,Kerouilher,2016-02-08
2182,2013-03-11,29152,Motrev,,Coat ar Zant,Coat ar Zant,Kêriadenn,Koad ar Sant,2016-02-08
97100,2009-01-29,29152,Motrev,,Saint-Pierre du Brugou,Saint-Pierre du Brugou,Monumant,Sant Pêr ar Brugoù,2016-02-08
131993,2013-03-25,29152,Motrev,,Penkêr Riwal,Penkêr Riwal,Kêriadenn,Penkêr Riwal,2016-02-08
2202,2013-03-11,29152,Motrev,,Ville-Neuve,Ville-Neuve,Kêriadenn,Kernevez,2016-02-08
10182,2013-03-25,29152,Motrev,,Créhenquer,Créhenquer,Kêriadenn,Krec'hanken,2016-02-08
84794,2013-03-25,29152,Motrev,Chapelle,Sainte-Brigitte,Chapelle Sainte-Brigitte,Monumant,Chapel Santez Brijid,2016-02-08
131825,2013-02-25,29152,Motrev,,Gwaremm Wenn,Gwaremm Wenn,Kêriadenn,Gwaremm Wenn,2016-02-08
2206,2013-03-25,29152,Motrev,,Kergorlay,Kergorlay,Kêriadenn,Kergorlae,2016-02-08
131858,2013-03-11,29152,Motrev,La Gare de,Motreff,La Gare de Motreff,Kêriadenn,Gar Motrev,2016-02-08
2225,2013-03-25,29152,Motrev,,Liorz Margot,Liorz Margot,Kêriadenn,Liorzh Margod,2016-02-08
2217,2013-03-08,29152,Motrev,,Ty Névez,Ty Névez,Kêriadenn,Ti Nevez,2016-02-08
131823,2013-03-11,29152,Motrev,,Kergaravat Vihan,Kergaravat Vihan,Kêriadenn,Kergaravad Vihan,2016-02-08
97116,2009-01-29,29152,Motrev,Dolmen de,Kervoulédic,Dolmen de Kervoulédic,Monumant,Taol-vaen Kervoulidig,2016-02-08
2197,2013-03-25,29152,Motrev,,Restourhan,Restourhan,Kêriadenn,Restourhant,2016-02-08
10185,2013-02-06,29152,Motrev,,Kerhuel,Kerhuel,Kêriadenn,Keruhel,2016-02-08
2196,2013-03-25,29152,Motrev,La,Haie Goff,La Haie Goff,Kêriadenn,An Hae Gov,2016-02-08
2188,2009-06-18,29152,Motrev,,Treveller,Treveller,Kêriadenn,Treveler,2016-02-08
2189,2013-03-25,29152,Motrev,,Treveller Vian,Treveller Vian,Kêriadenn,Treveler Vihan,2016-02-08
131860,2013-03-08,29152,Motrev,,Ty Coat,Ty Coat,Kêriadenn,Ti Koad,2016-02-08
131434,2013-03-25,29152,Motrev,,Kerlupet Vian,Kerlupet Vian,Kêriadenn,Kerluped Vihan,2016-02-08
2186,2013-03-11,29152,Motrev,,Kernon,Kernon,Kêriadenn,Kernonn,2016-02-08
2171,2003-01-21,29152,Motrev,,Sterlen,Sterlen,Kêriadenn,Sterlenn,2016-02-08
2179,2013-03-25,29152,Motrev,,Pont Prons,Pont Prons,Kêriadenn,Pont Provost,2016-02-08
2207,2013-03-08,29152,Motrev,,Keribin,Keribin,Kêriadenn,Keribin,2016-02-08
2201,2013-03-25,29152,Motrev,,Barnaou,Barnaou,Kêriadenn,Barnaou,2016-02-08
2221,2009-01-29,29152,Motrev,,Saint-Leuffroy,Saint-Leuffroy,Kêriadenn,Sant-Leri,2016-02-08
131893,2013-03-25,29152,Motrev,,Saint Patern,Saint Patern,Monumant,Sant Patern,2016-02-08
2218,2013-02-06,29152,Motrev,,Croas an Dilen,Croas an Dilen,Kêriadenn,Kroaz an Delen,2016-02-08
131437,2013-03-25,29152,Motrev,,Ker Yvon,Ker Yvon,Kêriadenn,Kêr Ivon,2016-02-08
7226,1994-11-08,29152,Motrev,,Port de Carhaix,Port de Carhaix,Kêriadenn,Pont ar Gergoad,2016-02-08
2181,2006-03-20,29152,Motrev,Le,Brugou,Le Brugou,Kêriadenn,Ar Brugoù,2016-02-08
131990,2013-03-08,29152,Motrev,,Glazennou,Glazennou,Kêriadenn,Glazennoù,2016-02-08
2172,2013-03-25,29152,Motrev,,Kerret,Kerret,Kêriadenn,Kerred,2016-02-08
2224,2013-03-11,29152,Motrev,La,Garenne,La Garenne,Kêriadenn,Ar Waremm,2016-02-08
97101,2009-01-29,29152,Motrev,Le lavoir du,Bourg,Le lavoir du Bourg,Monumant,Stêr-gannañ ar vourc'h,2016-02-08
131994,2013-03-25,29152,Motrev,,Penkêr Bouluenn,Penkêr Bouluenn,Kêriadenn,Penkêr Bouluenn,2016-02-08
10186,2013-03-08,29152,Motrev,,Leign Bozec,Leign Bozec,Kêriadenn,Lein Bozeg,2016-02-08
131892,2013-03-25,29152,Motrev,Moulin de,Cateliner,Moulin de Cateliner,Kêriadenn,Meilh Kateliner,2016-02-08
6584,2000-11-30,29152,Motrev,,Moulin Neuf,Moulin Neuf,Kêriadenn,Ar Veilh Nevez,2016-02-08
98090,2009-01-29,29152,Motrev,Chapelle,Saint-Leuffroy,Chapelle Saint-Leuffroy,Monumant,Chapel Sant-Leri,2016-02-08
2220,2013-03-25,29152,Motrev,,Saint-Comté,Saint-Comté,Kêriadenn,Sant-Kontez,2016-02-08
2176,2013-02-07,29152,Motrev,,Penayeun,Penayeun,Kêriadenn,Pennayeun,2016-02-08
2214,2013-03-25,29152,Motrev,,Kerbirien,Kerbirien,Kêriadenn,Kervirien,2016-02-08
2175,2013-03-11,29152,Motrev,Le,Vern,Le Vern,Kêriadenn,Ar Vern,2016-02-08
10187,2003-01-21,29152,Motrev,La,Montagne,La Montagne,Kêriadenn,Menez Motrev,2016-02-08
2185,2013-03-25,29152,Motrev,,Lannegenou,Lannegenou,Kêriadenn,Lannijennoù,2016-02-08
2203,2013-03-08,29152,Motrev,,Kerborgne,Kerborgne,Kêriadenn,Kerborn,2016-02-08
2187,2013-03-11,29152,Motrev,Le,Cosquer,Le Cosquer,Kêriadenn,Ar Gozhkêr,2016-02-08
98855,2009-01-29,29152,Motrev,Etang du,Brugoù,Etang du Brugoù,Dour,Lenn ar Brugoù,2016-02-08
131987,2013-03-25,29152,Motrev,,Pont Kuen,Pont Kuen,Monumant,Pont Kuen,2016-02-08
2223,2013-03-11,29152,Motrev,,Mescouez,Mescouez,Kêriadenn,Meskouez,2016-02-08
2195,2013-03-25,29152,Motrev,La,Haie Creiz,La Haie Creiz,Kêriadenn,An Hae Kreiz,2016-02-08
2193,2009-06-18,29152,Motrev,,Luzuverien,Luzuverien,Kêriadenn,Luzuverien,2016-02-08
2190,2013-03-25,29152,Motrev,,Trévourec,Trévourec,Kêriadenn,Trevoureg,2016-02-08
2198,2013-03-08,29152,Motrev,Moulin de,Bronolo,Moulin de Bronolo,Kêriadenn,Meilh Bornolo,2016-02-08
2215,2013-03-25,29152,Motrev,,Kerlupet,Kerlupet,Kêriadenn,Kerluped,2016-02-08
132003,2013-03-11,29152,Motrev,La gare de,Port de Carhaix,La gare de Port de Carhaix,Monumant,Gar Pont ar Gergoad,2016-02-08
10180,2013-03-25,29152,Motrev,La,Butte du Cheval,La Butte du Cheval,Kêriadenn,Lost Krec'henn ar Marc'h,2016-02-08
2167,2003-01-21,29152,Motrev,,Bronolo,Bronolo,Kêriadenn,Bronolo,2016-02-08
131436,2013-03-25,29152,Motrev,,Maison Neuve,Maison Neuve,Kêriadenn,An Tiri Nevez,2016-02-08
2192,2013-03-08,29152,Motrev,,Lescleden,Lescleden,Kêriadenn,Leskledenn,2016-02-08
2191,2013-03-11,29152,Motrev,,Lescoat,Lescoat,Kêriadenn,Leskoad,2016-02-08
2208,2013-02-07,29152,Motrev,,Kerléran,Kerléran,Kêriadenn,Kerleran,2016-02-08
2194,2009-01-29,29152,Motrev,,Lannezval,Lannezval,Kêriadenn,Lannezwal,2016-02-08
2168,2013-03-25,29152,Motrev,,Roz ar Garnoen,Roz ar Garnoen,Kêriadenn,Roz ar Garnoen,2016-02-08
2177,2013-02-06,29152,Motrev,,Pont Daoulas,Pont Daoulas,Kêriadenn,Pont Daoulaz,2016-02-08
131822,2013-05-23,29152,Motrev,Ecole des,Hirondelles,Ecole des Hirondelles,Monumant,Skol ar Gwennili,2016-02-08
113645,2010-05-27,29152,Motrev,,Haut du Bourg,Haut du Bourg,Diseurt,Penn-nec'h ar Vourc'h,2016-02-08
2216,2013-03-25,29152,Motrev,,Ty Mahé,Ty Mahé,Kêriadenn,Ti Mahe,2016-02-08
10181,2013-03-25,29152,Motrev,,Crehen Bolic,Crehen Bolic,Kêriadenn,Krec'henn Bolig,2016-02-08
65718,2013-03-25,29152,Motrev,,Kernaman,Kernaman,Kêriadenn,Kernaman,2016-02-08
2219,2013-03-11,29152,Motrev,,Croas Kermangis,Croas Kermangis,Kêriadenn,Kroaz Kermañjiz,2016-02-08
2412,1999-10-13,29174,Ploneour-Lanwern,,Stang ar Bacol,Stang ar Bacol,Kêriadenn,Stank ar Bakol,2016-02-08
92029,2007-10-23,29174,Ploneour-Lanwern,,Penker,Penker,Kêriadenn,Penkêr,2016-02-08
66604,2007-10-23,29174,Ploneour-Lanwern,,Trévilit,Trévilit,Kêriadenn,Trevilid,2016-02-08
66510,2007-10-23,29174,Ploneour-Lanwern,,Kerseurec,Kerseurec,Kêriadenn,Kerzeureg,2016-02-08
77976,2007-10-23,29174,Ploneour-Lanwern,,Méloury Kerneizan,Méloury Kerneizan,Kêriadenn,Melouri Kerneizan,2016-02-08
66456,2007-10-23,29174,Ploneour-Lanwern,,Kergoulas,Kergoulas,Kêriadenn,Kergoulaz,2016-02-08
77926,2007-10-23,29174,Ploneour-Lanwern,,Kervilloc,Kervilloc,Kêriadenn,Kervillog,2016-02-08
78007,2007-10-23,29174,Ploneour-Lanwern,,Runevez,Runevez,Kêriadenn,Ar Ru Nevez,2016-02-08
78082,2007-10-23,29174,Ploneour-Lanwern,,Kerfoulard Vian,Kerfoulard Vian,Kêriadenn,Kerfoular Vihan,2016-02-08
91874,2007-10-23,29174,Ploneour-Lanwern,,Ar Faoioù,Ar Faoioù,Kêriadenn,Ar Faoioù,2016-02-08
91884,2007-10-23,29174,Ploneour-Lanwern,,Kerdalem Vras,Kerdalem Vras,Kêriadenn,Kerdalem Vras,2016-02-08
82230,2007-10-23,29174,Ploneour-Lanwern,Rue,Traon ar Lin,Rue Traon ar Lin,Hent,Hent Traoñ ar Linenn,2016-02-08
91876,2007-10-23,29174,Ploneour-Lanwern,,An Hent Kozh,An Hent Kozh,Hent,An Hent Kozh,2016-02-08
91914,2007-10-23,29174,Ploneour-Lanwern,,Toull-mein Kerscoudou,Toull-mein Kerscoudou,Diseurt,Toull-mein Kerskoudoù,2016-02-08
77990,2007-10-23,29174,Ploneour-Lanwern,Manoir de,Trevilit,Manoir de Trevilit,Monumant,Maner Trevilid,2016-02-08
66516,2007-10-23,29174,Ploneour-Lanwern,,Kersulec,Kersulec,Kêriadenn,Kersuleg,2016-02-08
91959,2007-10-23,29174,Ploneour-Lanwern,,Loc'h Meilh Bondivi,Loc'h Meilh Bondivi,Dour,Loc'h Meilh Bondivi,2016-02-08
91902,2007-10-23,29174,Ploneour-Lanwern,,Poull Keriequel,Poull Keriequel,Monumant,Poull Keriekel,2016-02-08
78123,2007-10-23,29174,Ploneour-Lanwern,,Kerparc,Kerparc,Kêriadenn,Kerpark,2016-02-08
91872,2007-10-23,29174,Ploneour-Lanwern,,Kroez Vihan Langivoa,Kroez Vihan Langivoa,Monumant,Kroez Vihan Langiwa,2016-02-08
91880,2007-10-23,29174,Ploneour-Lanwern,,Kerandraon Vihan,Kerandraon Vihan,Kêriadenn,Kerandraon Vihan,2016-02-08
78242,2007-10-23,29174,Ploneour-Lanwern,,Foennec ar Yeun,Foennec ar Yeun,Maez,Foenneg ar Yeun,2016-02-08
91908,2007-10-23,29174,Ploneour-Lanwern,,Kerlaouédec Bras,Kerlaouédec Bras,Kêriadenn,Kerlaouedeg Vras,2016-02-08
77925,2007-10-23,29174,Ploneour-Lanwern,,Tachen ar Groaz,Tachen ar Groaz,Kêriadenn,Tachenn ar Groez,2016-02-08
78121,2007-10-23,29174,Ploneour-Lanwern,,Viloury Glas,Viloury Glas,Kêriadenn,Ar Vilouri C'hlas,2016-02-08
91967,2007-10-23,29174,Ploneour-Lanwern,,Penn ar Prad,Penn ar Prad,Kêriadenn,Penn ar Prad,2016-02-08
78237,2007-10-23,29174,Ploneour-Lanwern,,Coat Saint Honore,Coat Saint Honore,Kêriadenn,Koad Sant Enored,2016-02-08
66416,2007-10-23,29174,Ploneour-Lanwern,,Fao David,Fao David,Kêriadenn,Fao David,2016-02-08
78268,2007-10-23,29174,Ploneour-Lanwern,,Mine Car,Mine Car,Kêriadenn,Mine Kar,2016-02-08
66474,2007-10-23,29174,Ploneour-Lanwern,,Keriequel,Keriequel,Kêriadenn,Keriekel,2016-02-08
78276,2007-10-23,29174,Ploneour-Lanwern,Moulin de,Treouron,Moulin de Treouron,Kêriadenn,Meilh Dreouron,2016-02-08
78141,2007-10-23,29174,Ploneour-Lanwern,,Kerganévet,Kerganévet,Kêriadenn,Kerganeved,2016-02-08
78119,2007-10-23,29174,Ploneour-Lanwern,,Kerhuel,Kerhuel,Kêriadenn,Keruhel,2016-02-08
78117,2007-10-23,29174,Ploneour-Lanwern,,Cosquer Vihan,Cosquer Vihan,Kêriadenn,Ar Gozhkêr Vihan,2016-02-08
78004,2007-10-23,29174,Ploneour-Lanwern,,Kereon Creis,Kereon Creis,Kêriadenn,Kereon Greiz,2016-02-08
91938,2007-10-23,29174,Ploneour-Lanwern,,Kanol Lanvern,Kanol Lanvern,Dour,Kanol Lanwern,2016-02-08
78173,2007-10-23,29174,Ploneour-Lanwern,La,Tour Vian,La Tour Vian,Kêriadenn,An Tour Bihan,2016-02-08
78016,2007-10-23,29174,Ploneour-Lanwern,,Trelen,Trelen,Kêriadenn,Trelenn,2016-02-08
77985,2007-10-23,29174,Ploneour-Lanwern,,Kermorvan Nevez,Kermorvan Nevez,Kêriadenn,Kervorvan Nevez,2016-02-08
77998,2007-10-23,29174,Ploneour-Lanwern,,Ty Coat,Ty Coat,Kêriadenn,Ti Koad,2016-02-08
91896,2007-10-23,29174,Ploneour-Lanwern,,Maner Kerhastel,Maner Kerhastel,Kêriadenn,Maner Kerc'hastell,2016-02-08
91973,2007-10-23,29174,Ploneour-Lanwern,,Poull Penscouric,Poull Penscouric,Monumant,Poull Penskourrig,2016-02-08
77988,2007-10-23,29174,Ploneour-Lanwern,,Keroec Vian,Keroec Vian,Kêriadenn,Kerroeg Vihan,2016-02-08
66548,2007-10-23,29174,Ploneour-Lanwern,,Lec'hren,Lec'hren,Kêriadenn,Lec'hrenn,2016-02-08
78018,2007-10-23,29174,Ploneour-Lanwern,,Kerbilaet,Kerbilaet,Kêriadenn,Kerbilaed,2016-02-08
91954,2007-10-23,29174,Ploneour-Lanwern,,Hent ar Mejoù,Hent ar Mejoù,Hent,Hent ar Mejoù,2016-02-08
78176,2007-10-23,29174,Ploneour-Lanwern,,Kerliver,Kerliver,Kêriadenn,Kerliver,2016-02-08
66398,2007-10-23,29174,Ploneour-Lanwern,,Carnguillermic,Carnguillermic,Kêriadenn,Karngwilhermig,2016-02-08
91917,2007-10-23,29174,Ploneour-Lanwern,,Feunteun Kersquedel,Feunteun Kersquedel,Monumant,Feunteun Kerskedel,2016-02-08
66472,2007-10-23,29174,Ploneour-Lanwern,,Kericun,Kericun,Kêriadenn,Kerikun,2016-02-08
78012,2007-10-23,29174,Ploneour-Lanwern,,Brec'houel Vian,Brec'houel Vian,Kêriadenn,Brec'houel Vihan,2016-02-08
66578,2007-10-23,29174,Ploneour-Lanwern,,Pennalen,Pennalen,Kêriadenn,Pennalenn,2016-02-08
66406,2007-10-23,29174,Ploneour-Lanwern,,Creac'h Calvic,Creac'h Calvic,Kêriadenn,Krec'h Kalvig,2016-02-08
78139,2007-10-23,29174,Ploneour-Lanwern,,Penhoet,Penhoet,Kêriadenn,Penc'hoed,2016-02-08
92006,2007-10-23,29174,Ploneour-Lanwern,,Tréordo izella,Tréordo izella,Kêriadenn,Treordo Izelañ,2016-02-08
91928,2007-10-23,29174,Ploneour-Lanwern,,Kervrouyen Vras,Kervrouyen Vras,Kêriadenn,Kervrouien Vras,2016-02-08
66574,2007-10-23,29174,Ploneour-Lanwern,Le,Moulin d'Hascoët,Le Moulin d'Hascoët,Kêriadenn,Meilh Haskoed,2016-02-08
66464,2007-10-23,29174,Ploneour-Lanwern,,Kerguien,Kerguien,Kêriadenn,Kergien,2016-02-08
66528,2007-10-23,29174,Ploneour-Lanwern,,Kervescar,Kervescar,Kêriadenn,Kerveskar,2016-02-08
91983,2007-10-23,29174,Ploneour-Lanwern,,Ar Prefektur,Ar Prefektur,Kêriadenn,Ar Prefektur,2016-02-08
66442,2007-10-23,29174,Ploneour-Lanwern,,Kerfeulest,Kerfeulest,Kêriadenn,Kerfeulez,2016-02-08
66568,2007-10-23,29174,Ploneour-Lanwern,Chemin de,Menez Gouyen,Chemin de Menez Gouyen,Hent,Hent Menez Gouien,2016-02-08
82204,2013-09-02,29174,Ploneour-Lanwern,Impasse de,Croas ar Bleon,Impasse de Croas ar Bleon,Hent,Hent-dall Kroez ar Bleuñv,2016-02-08
92010,2007-10-23,29174,Ploneour-Lanwern,,Ti Yann Taol Mailh,Ti Yann Taol Mailh,Kêriadenn,Ti Yann Taol Mailh,2016-02-08
91971,2007-10-23,29174,Ploneour-Lanwern,,Maner Pennalen,Maner Pennalen,Kêriadenn,Maner Pennalenn,2016-02-08
78162,2007-10-23,29174,Ploneour-Lanwern,,Roscoz Braz,Roscoz Braz,Kêriadenn,Roskozh Vras,2016-02-08
77917,2007-10-23,29174,Ploneour-Lanwern,,Kersauz,Kersauz,Kêriadenn,Kersaoz,2016-02-08
66414,2007-10-23,29174,Ploneour-Lanwern,,Creniat,Creniat,Kêriadenn,Ar C'hreniad,2016-02-08
66558,2007-10-23,29174,Ploneour-Lanwern,,Lespern,Lespern,Kêriadenn,Lespern,2016-02-08
77918,2007-10-23,29174,Ploneour-Lanwern,,Kerhastel,Kerhastel,Kêriadenn,Kerc'hastell,2016-02-08
91861,2007-10-23,29174,Ploneour-Lanwern,,Poull Boderes,Poull Boderes,Monumant,Poull ar Boderezh,2016-02-08
91910,2007-10-23,29174,Ploneour-Lanwern,,Kerniou-Vras,Kerniou-Vras,Kêriadenn,Kerniou Vras,2016-02-08
91870,2007-10-23,29174,Ploneour-Lanwern,,Croas ar Bleon,Croas ar Bleon,Hent,Kroez ar Bleuñv,2016-02-08
66430,2007-10-23,29174,Ploneour-Lanwern,,Kerambludou,Kerambludou,Kêriadenn,Kerambludoù,2016-02-08
91972,2007-10-23,29174,Ploneour-Lanwern,,Feunteun Penscouric,Feunteun Penscouric,Monumant,Feunteun Penskourrig,2016-02-08
78000,2007-10-23,29174,Ploneour-Lanwern,,Kerlan Vian,Kerlan Vian,Kêriadenn,Kerlann Vihan,2016-02-08
91862,2007-10-23,29174,Ploneour-Lanwern,Chapelle de la,Bonne Nouvelle,Chapelle de la Bonne Nouvelle,Monumant,Chapel Keloù Mat,2016-02-08
78152,2007-10-23,29174,Ploneour-Lanwern,,Penquer Bihan,Penquer Bihan,Kêriadenn,Penkêr Bihan,2016-02-08
66512,2007-10-23,29174,Ploneour-Lanwern,,Kersonnard,Kersonnard,Kêriadenn,Kerzonar,2016-02-08
82252,2007-10-23,29174,Ploneour-Lanwern,,Menez Boutin,Menez Boutin,Kêriadenn,Menez Boutin,2016-02-08
78251,2007-10-23,29174,Ploneour-Lanwern,,Kergroas,Kergroas,Kêriadenn,Kergroez,2016-02-08
77928,2007-10-23,29174,Ploneour-Lanwern,,Kervilloc Vras,Kervilloc Vras,Kêriadenn,Kervillog Vras,2016-02-08
66588,2007-10-23,29174,Ploneour-Lanwern,Le,Ruot,Le Ruot,Kêriadenn,Ar Ruod,2016-02-08
78106,2007-10-23,29174,Ploneour-Lanwern,,Kergambae Dour,Kergambae Dour,Kêriadenn,Kergambae an Dour,2016-02-08
91920,2007-10-23,29174,Ploneour-Lanwern,,Kersulec Creïs,Kersulec Creïs,Kêriadenn,Kersuleg Greiz,2016-02-08
78244,2007-10-23,29174,Ploneour-Lanwern,,Guernevez,Guernevez,Kêriadenn,Ar Gernevez,2016-02-08
78249,2007-10-23,29174,Ploneour-Lanwern,,Kerdaniel,Kerdaniel,Kêriadenn,Kerdeniel,2016-02-08
92003,2007-10-23,29174,Ploneour-Lanwern,Route de,Tréguennec,Route de Tréguennec,Hent,Hent Tregeneg,2016-02-08
91964,2007-10-23,29174,Ploneour-Lanwern,,An Otel Gog,An Otel Gog,Kêriadenn,An Otel Gog,2016-02-08
92001,2007-10-23,29174,Ploneour-Lanwern,,Traon ar Waremm,Traon ar Waremm,Kêriadenn,Traoñ ar Waremm,2016-02-08
78109,2007-10-23,29174,Ploneour-Lanwern,Moulin de,Callac,Moulin de Callac,Kêriadenn,Meilh ar C'halleg,2016-02-08
82232,2007-10-23,29174,Ploneour-Lanwern,,Ty Bihan,Ty Bihan,Kêriadenn,Ti Bihan,2016-02-08
91999,2007-10-23,29174,Ploneour-Lanwern,,Maner an Tour,Maner an Tour,Kêriadenn,Maner an Tour,2016-02-08
91923,2007-10-23,29174,Ploneour-Lanwern,,Poull Kervescar,Poull Kervescar,Monumant,Poull Kerveskar,2016-02-08
78110,2007-10-23,29174,Ploneour-Lanwern,,Kerraoul,Kerraoul,Kêriadenn,Kerraoul,2016-02-08
91929,2007-10-23,29174,Ploneour-Lanwern,,Laezenn Meilh Lan,Laezenn Meilh Lan,Diseurt,Laezenn Meilh Lann,2016-02-08
78157,2007-10-23,29174,Ploneour-Lanwern,,Kerascoet,Kerascoet,Kêriadenn,Keraskoed,2016-02-08
82236,2007-10-23,29174,Ploneour-Lanwern,,Goachou,Goachou,Kêriadenn,Gwachoù,2016-02-08
78163,2007-10-23,29174,Ploneour-Lanwern,,Kerleac'h,Kerleac'h,Kêriadenn,Kerlec'h,2016-02-08
78120,2007-10-23,29174,Ploneour-Lanwern,,Viloury Kerhuel,Viloury Kerhuel,Kêriadenn,Ar Vilouri Keruhel,2016-02-08
77980,2007-10-23,29174,Ploneour-Lanwern,,Pen ar Prat Nevez,Pen ar Prat Nevez,Kêriadenn,Penn ar Prad Nevez,2016-02-08
91882,2007-10-23,29174,Ploneour-Lanwern,,Koed Keravel,Koed Keravel,Kêriadenn,Koed Keravel,2016-02-08
91948,2007-10-23,29174,Ploneour-Lanwern,,Feunteun ar Maner Bihan,Feunteun ar Maner Bihan,Monumant,Feunteun ar Maner Bihan,2016-02-08
78271,2007-10-23,29174,Ploneour-Lanwern,,Mine Lannou,Mine Lannou,Kêriadenn,Mine Lannoù,2016-02-08
77981,2007-10-23,29174,Ploneour-Lanwern,,Keriforn,Keriforn,Kêriadenn,Keriforn,2016-02-08
91924,2007-10-23,29174,Ploneour-Lanwern,,Kervouyen,Kervouyen,Kêriadenn,Kervouien,2016-02-08
78265,2007-10-23,29174,Ploneour-Lanwern,,Meil Frout,Meil Frout,Kêriadenn,Meilh Froud,2016-02-08
66460,2007-10-23,29174,Ploneour-Lanwern,,Kergueff,Kergueff,Kêriadenn,Kergef,2016-02-08
66520,2007-10-23,29174,Ploneour-Lanwern,,Kervallot,Kervallot,Kêriadenn,Kervalod,2016-02-08
78240,2007-10-23,29174,Ploneour-Lanwern,La,Croix,La Croix,Kêriadenn,Ar Groez,2016-02-08
78006,2007-10-23,29174,Ploneour-Lanwern,,Kereon Vian,Kereon Vian,Kêriadenn,Kereon Vihan,2016-02-08
91957,2007-10-23,29174,Ploneour-Lanwern,,Kanol Meilh Bondivi,Kanol Meilh Bondivi,Dour,Kanol Meilh Bondivi,2016-02-08
77921,2007-10-23,29174,Ploneour-Lanwern,,Treluan Vian,Treluan Vian,Kêriadenn,Treluan Vihan,2016-02-08
92008,2007-10-23,29174,Ploneour-Lanwern,,Ty Névez,Ty Névez,Kêriadenn,Ti Nevez,2016-02-08
91898,2007-10-23,29174,Ploneour-Lanwern,,Maner Kerhua,Maner Kerhua,Kêriadenn,Maner Keruha,2016-02-08
91994,2007-10-23,29174,Ploneour-Lanwern,,Poull Sant Eneour,Poull Sant Eneour,Monumant,Poull Sant Eneour,2016-02-08
78022,2007-10-23,29174,Ploneour-Lanwern,,Kerrolland Vian,Kerrolland Vian,Kêriadenn,Kerrolant Vihan,2016-02-08
78167,2007-10-23,29174,Ploneour-Lanwern,,Boderes,Boderes,Kêriadenn,Ar Boderezh,2016-02-08
66552,2007-10-23,29174,Ploneour-Lanwern,,Lesbervet,Lesbervet,Kêriadenn,Lesberved,2016-02-08
66434,2007-10-23,29174,Ploneour-Lanwern,,Kerbloas,Kerbloas,Kêriadenn,Kerbloaz,2016-02-08
91913,2007-10-23,29174,Ploneour-Lanwern,,Hent Kerruc,Hent Kerruc,Hent,Hent Kerrug,2016-02-08
66486,2007-10-23,29174,Ploneour-Lanwern,,Kerloyet,Kerloyet,Kêriadenn,Kerloied,2016-02-08
66412,2007-10-23,29174,Ploneour-Lanwern,,Créac'h Mabon,Créac'h Mabon,Kêriadenn,Krec'h Mabon,2016-02-08
66586,2007-10-23,29174,Ploneour-Lanwern,,Quelordan,Quelordan,Kêriadenn,Kelordan,2016-02-08
91866,2007-10-23,29174,Ploneour-Lanwern,,Feunteun Creac'h Ru,Feunteun Creac'h Ru,Monumant,Feunteun Krec'h Ruz,2016-02-08
78101,2007-10-23,29174,Ploneour-Lanwern,,Keristic,Keristic,Kêriadenn,Keristig,2016-02-08
77993,2007-10-23,29174,Ploneour-Lanwern,,Brenanvec Coz,Brenanvec Coz,Kêriadenn,Brenañveg Kozh,2016-02-08
66580,2007-10-23,29174,Ploneour-Lanwern,,Pennarue,Pennarue,Kêriadenn,Pennaru,2016-02-08
78145,2007-10-23,29174,Ploneour-Lanwern,,Penfrat Coz,Penfrat Coz,Kêriadenn,Penfrad Kozh,2016-02-08
78230,2007-10-23,29174,Ploneour-Lanwern,,Treordo Nevez,Treordo Nevez,Kêriadenn,Treordo Nevez,2016-02-08
82207,2007-10-23,29174,Ploneour-Lanwern,,Kerven,Kerven,Kêriadenn,Kerwenn,2016-02-08
82253,2007-10-23,29174,Ploneour-Lanwern,Moulin du,Lan,Moulin du Lan,Kêriadenn,Meilh Lann,2016-02-08
66452,2007-10-23,29174,Ploneour-Lanwern,,Kergonda,Kergonda,Kêriadenn,Kergonda,2016-02-08
82247,2007-10-23,29174,Ploneour-Lanwern,,Kermeur,Kermeur,Kêriadenn,Kerveur,2016-02-08
91986,2007-10-23,29174,Ploneour-Lanwern,,Rest Nevez,Rest Nevez,Kêriadenn,Ar Rest Nevez,2016-02-08
77920,2007-10-23,29174,Ploneour-Lanwern,,Kerfloc'h,Kerfloc'h,Kêriadenn,Kerfloc'h,2016-02-08
78125,2007-10-23,29174,Ploneour-Lanwern,,Kerhoat,Kerhoat,Kêriadenn,Kerc'hoed,2016-02-08
91977,2007-10-23,29174,Ploneour-Lanwern,Route de,Plonéour,Route de Plonéour,Hent,Hent Ploneour,2016-02-08
66564,2007-10-23,29174,Ploneour-Lanwern,Le,Leuret,Le Leuret,Kêriadenn,Al Leure,2016-02-08
78293,2007-10-23,29174,Ploneour-Lanwern,,Ty er Poes,Ty er Poes,Kêriadenn,Tier Poezh,2016-02-08
91987,2007-10-23,29174,Ploneour-Lanwern,,Maner Roscoz,Maner Roscoz,Kêriadenn,Maner Roskozh,2016-02-08
77997,2007-10-23,29174,Ploneour-Lanwern,,Saint Julien,Saint Julien,Kêriadenn,Sant Julien,2016-02-08
78170,2007-10-23,29174,Ploneour-Lanwern,,Kersquedel,Kersquedel,Kêriadenn,Kerskedel,2016-02-08
78132,2007-10-23,29174,Ploneour-Lanwern,,Creniat Vian,Creniat Vian,Kêriadenn,Ar C'hreniad Vihan,2016-02-08
66560,2007-10-23,29174,Ploneour-Lanwern,,Lestréguéoc,Lestréguéoc,Kêriadenn,Lestregeog,2016-02-08
91990,2007-10-23,29174,Ploneour-Lanwern,,Poull ar Roz,Poull ar Roz,Monumant,Poull ar Roz,2016-02-08
66498,2007-10-23,29174,Ploneour-Lanwern,,Keroret,Keroret,Kêriadenn,Kerored,2016-02-08
78239,2007-10-23,29174,Ploneour-Lanwern,,Croascaer,Croascaer,Kêriadenn,Kroez Kaer,2016-02-08
91879,2007-10-23,29174,Ploneour-Lanwern,,Kerambludou Vras,Kerambludou Vras,Kêriadenn,Kerambludoù Vras,2016-02-08
91554,2007-10-23,29174,Ploneour-Lanwern,Fontaine,Saint-Philibert,Fontaine Saint-Philibert,Monumant,Feunteun Sant Filiber,2016-02-08
66480,2007-10-23,29174,Ploneour-Lanwern,,Kerlaouédec,Kerlaouédec,Kêriadenn,Kerlaouedeg,2016-02-08
78154,2007-10-23,29174,Ploneour-Lanwern,,Penquer Nevez,Penquer Nevez,Kêriadenn,Penkêr Nevez,2016-02-08
78025,2007-10-23,29174,Ploneour-Lanwern,,Kersonis Vihan,Kersonis Vihan,Kêriadenn,Kerzoniz Vihan,2016-02-08
91935,2007-10-23,29174,Ploneour-Lanwern,Chapelle de,Lanvern,Chapelle de Lanvern,Monumant,Chapel Lanwern,2016-02-08
78027,2007-10-23,29174,Ploneour-Lanwern,,Mine Yeun,Mine Yeun,Kêriadenn,Menez Yeun,2016-02-08
78253,2007-10-23,29174,Ploneour-Lanwern,,Kerhaen,Kerhaen,Kêriadenn,Kerhaen,2016-02-08
77996,2007-10-23,29174,Ploneour-Lanwern,,Kervoelan Vian,Kervoelan Vian,Kêriadenn,Kervoelan Vihan,2016-02-08
91956,2007-10-23,29174,Ploneour-Lanwern,,Moulin Brulé,Moulin Brulé,Kêriadenn,Ar Veilh Boezh,2016-02-08
78107,2007-10-23,29174,Ploneour-Lanwern,,Kergambae Vihan,Kergambae Vihan,Kêriadenn,Kergambae Vihan,2016-02-08
66468,2007-10-23,29174,Ploneour-Lanwern,,Kerhua,Kerhua,Kêriadenn,Keruha,2016-02-08
66422,2007-10-23,29174,Ploneour-Lanwern,Le,Guib,Le Guib,Kêriadenn,Ar Gib,2016-02-08
78250,2007-10-23,29174,Ploneour-Lanwern,,Kerdrezec,Kerdrezec,Kêriadenn,Kerdrezeg,2016-02-08
77991,2007-10-23,29174,Ploneour-Lanwern,,Canapé,Canapé,Kêriadenn,Kanape,2016-02-08
78289,2007-10-23,29174,Ploneour-Lanwern,,Taroziou,Taroziou,Kêriadenn,An Tarrodoù,2016-02-08
66590,2007-10-23,29174,Ploneour-Lanwern,,Trébonvel,Trébonvel,Kêriadenn,Trebonvael,2016-02-08
66572,2007-10-23,29174,Ploneour-Lanwern,Le,Moulin de Bondivy,Le Moulin de Bondivy,Kêriadenn,Meilh Bondivi,2016-02-08
78294,2007-10-23,29174,Ploneour-Lanwern,,Ty Garde Kerhuel,Ty Garde Kerhuel,Kêriadenn,Ti Gard Keruhel,2016-02-08
78261,2007-10-23,29174,Ploneour-Lanwern,,Maner Bihan,Maner Bihan,Kêriadenn,Maner Bihan,2016-02-08
91934,2007-10-23,29174,Ploneour-Lanwern,,Poull Languivoa,Poull Languivoa,Monumant,Poull Langiwa,2016-02-08
82244,2007-10-23,29174,Ploneour-Lanwern,,Keriou,Keriou,Kêriadenn,Kerriou,2016-02-08
78260,2007-10-23,29174,Ploneour-Lanwern,,Lanluriec,Lanluriec,Kêriadenn,Lanlurieg,2016-02-08
91881,2007-10-23,29174,Ploneour-Lanwern,,Keravel Izelañ,Keravel Izelañ,Kêriadenn,Keravel Izelañ,2016-02-08
78013,2007-10-23,29174,Ploneour-Lanwern,Le,Helles,Le Helles,Kêriadenn,Hellez,2016-02-08
78165,2007-10-23,29174,Ploneour-Lanwern,,Kerleac'h Vian,Kerleac'h Vian,Kêriadenn,Kerlec'h Vihan,2016-02-08
66476,2007-10-23,29174,Ploneour-Lanwern,,Kerignon,Kerignon,Kêriadenn,Kerignon,2016-02-08
78231,2007-10-23,29174,Ploneour-Lanwern,,Balanou,Balanou,Kêriadenn,Balanoù,2016-02-08
78147,2007-10-23,29174,Ploneour-Lanwern,,Penanguer,Penanguer,Kêriadenn,Pennagêr,2016-02-08
82235,2007-10-23,29174,Ploneour-Lanwern,,Coetmeur,Coetmeur,Rann (eus ar gumun),Koed Meur,2016-02-08
91863,2007-10-23,29174,Ploneour-Lanwern,,Feunteun Keloù Mat,Feunteun Keloù Mat,Monumant,Feunteun Keloù Mat,2016-02-08
66598,2009-03-01,29174,Ploneour-Lanwern,,Trémillec,Trémillec,Kêriadenn,Tremilieg,2016-02-08
91926,2007-10-23,29174,Ploneour-Lanwern,,Kervrouyen Gozh,Kervrouyen Gozh,Kêriadenn,Kervrouien Gozh,2016-02-08
91897,2007-10-23,29174,Ploneour-Lanwern,Moulin de,Kerhastel,Moulin de Kerhastel,Kêriadenn,Meilh Gerc'hastell,2016-02-08
91893,2007-10-23,29174,Ploneour-Lanwern,,Kergueff Uhelañ,Kergueff Uhelañ,Kêriadenn,Kergef Uhelañ,2016-02-08
66524,2007-10-23,29174,Ploneour-Lanwern,,Kervelen,Kervelen,Kêriadenn,Kervelen,2016-02-08
66570,2007-10-23,29174,Ploneour-Lanwern,Le,Miné,Le Miné,Kêriadenn,Ar Mine,2016-02-08
78103,2007-10-23,29174,Ploneour-Lanwern,,Kerescant,Kerescant,Kêriadenn,Kereskant,2016-02-08
91859,2007-10-23,29174,Ploneour-Lanwern,Rivière de,Pont-l'-Abbé,Rivière de Pont-l'-Abbé,Dour,Kanol Pont-'n-Abad,2016-02-08
78273,2007-10-23,29174,Ploneour-Lanwern,,Moitié Route,Moitié Route,Kêriadenn,Moitié Route,2016-02-08
82257,2007-10-23,29174,Ploneour-Lanwern,,Ty Pin,Ty Pin,Kêriadenn,Ti Pin,2016-02-08
91916,2007-10-23,29174,Ploneour-Lanwern,,Maner Kersonnard,Maner Kersonnard,Diseurt,Maner Kerzonar,2016-02-08
78135,2007-10-23,29174,Ploneour-Lanwern,,Rest Treouron,Rest Treouron,Kêriadenn,Rest Treouron,2016-02-08
91911,2007-10-23,29174,Ploneour-Lanwern,,Kerruc Dalaë,Kerruc Dalaë,Kêriadenn,Kerrug d'al Lae,2016-02-08
78235,2007-10-23,29174,Ploneour-Lanwern,,Clos,Clos,Kêriadenn,Ar C'hloz,2016-02-08
66554,2007-10-23,29174,Ploneour-Lanwern,,Lescoulouarn,Lescoulouarn,Kêriadenn,Leskoulouarn,2016-02-08
78112,2007-10-23,29174,Ploneour-Lanwern,,Kerprigent,Kerprigent,Kêriadenn,Kerbrijant,2016-02-08
91937,2007-10-23,29174,Ploneour-Lanwern,,Hent Lanvern,Hent Lanvern,Hent,Hent Lanwern,2016-02-08
66404,2007-10-23,29174,Ploneour-Lanwern,,Créacharom,Créacharom,Kêriadenn,Krec'harom,2016-02-08
78247,2007-10-23,29174,Ploneour-Lanwern,,Ker Languiric,Ker Languiric,Kêriadenn,Ker Langirig,2016-02-08
91936,2007-10-23,29174,Ploneour-Lanwern,,Feunteun Lanvern,Feunteun Lanvern,Monumant,Feunteun Lanwern,2016-02-08
82245,2007-10-23,29174,Ploneour-Lanwern,,Kerjauffry,Kerjauffry,Kêriadenn,Kerjafrez,2016-02-08
77995,2007-10-23,29174,Ploneour-Lanwern,,Brenanvec Vian,Brenanvec Vian,Kêriadenn,Brenañveg Vihan,2016-02-08
66582,2007-10-23,29174,Ploneour-Lanwern,,Penscouric,Penscouric,Kêriadenn,Penskourrig,2016-02-08
66490,2007-10-23,29174,Ploneour-Lanwern,,Kerneizan,Kerneizan,Kêriadenn,Kerneizan,2016-02-08
78144,2007-10-23,29174,Ploneour-Lanwern,,Penfrat Bian,Penfrat Bian,Kêriadenn,Penfrad Vihan,2016-02-08
66602,2007-10-23,29174,Ploneour-Lanwern,,Treouron,Treouron,Kêriadenn,Treouron,2016-02-08
82206,2007-10-23,29174,Ploneour-Lanwern,,Kersegas,Kersegas,Kêriadenn,Kerzegas,2016-02-08
77972,2007-10-23,29174,Ploneour-Lanwern,,Méjou Roz,Méjou Roz,Kêriadenn,Mejoù Roz,2016-02-08
78130,2007-10-23,29174,Ploneour-Lanwern,,Kergorn,Kergorn,Kêriadenn,Kergorn,2016-02-08
66530,2007-10-23,29174,Ploneour-Lanwern,,Kerviligou,Kerviligou,Kêriadenn,Kerviligou,2016-02-08
78286,2007-10-23,29174,Ploneour-Lanwern,Le,Roz,Le Roz,Kêriadenn,Ar Roz,2016-02-08
78081,2007-10-23,29174,Ploneour-Lanwern,,Kerfoulard Nevez,Kerfoulard Nevez,Kêriadenn,Kerfoular Nevez,2016-02-08
78140,2007-10-23,29174,Ploneour-Lanwern,,Creniat Yeun,Creniat Yeun,Kêriadenn,Ar C'hreniad Yeun,2016-02-08
91883,2007-10-23,29174,Ploneour-Lanwern,,Kerdalem Vihan,Kerdalem Vihan,Kêriadenn,Kerdalem Vihan,2016-02-08
91995,2007-10-23,29174,Ploneour-Lanwern,Route de,Saint Jean,Route de Saint Jean,Hent,Hent Sant Yann,2016-02-08
91873,2007-10-23,29174,Ploneour-Lanwern,,An Estreved Poulloù,An Estreved Poulloù,Hent,An Estreved Poulloù,2016-02-08
91962,2007-10-23,29174,Ploneour-Lanwern,,Toull-dour ar Veilh Nevez,Toull-dour ar Veilh Nevez,Dour,Toull-dour ar Veilh Nevez,2016-02-08
78263,2007-10-23,29174,Ploneour-Lanwern,Manoir de,Treouron,Manoir de Treouron,Kêriadenn,Maner Treouron,2016-02-08
78287,2007-10-23,29174,Ploneour-Lanwern,,Stang ar Rozen,Stang ar Rozen,Kêriadenn,Stank ar Rozenn,2016-02-08
78258,2007-10-23,29174,Ploneour-Lanwern,,Kerstephane,Kerstephane,Kêriadenn,Kersteven,2016-02-08
91996,2007-10-23,29174,Ploneour-Lanwern,,Loc'h ar Stang,Loc'h ar Stang,Dour,Loc'h ar Stank,2016-02-08
91891,2007-10-23,29174,Ploneour-Lanwern,,Poull Kergonian,Poull Kergonian,Monumant,Poull Kergonian,2016-02-08
66500,2007-10-23,29174,Ploneour-Lanwern,,Keroulé,Keroulé,Kêriadenn,Keroule,2016-02-08
91944,2007-10-23,29174,Ploneour-Lanwern,,Kroez Lescoulouarn,Kroez Lescoulouarn,Monumant,Kroez Leskoulouarn,2016-02-08
78030,2007-10-23,29174,Ploneour-Lanwern,,Kerandraon,Kerandraon,Kêriadenn,Kerandraon,2016-02-08
82208,2007-10-23,29174,Ploneour-Lanwern,,Feunteun Sant Vodé,Feunteun Sant Vodé,Monumant,Feunteun Sant Vaodez,2016-02-08
91907,2007-10-23,29174,Ploneour-Lanwern,,Kerläouédec Bian,Kerläouédec Bian,Kêriadenn,Kerlaouedeg Vihan,2016-02-08
66606,2007-10-23,29174,Ploneour-Lanwern,Le,Veuz,Le Veuz,Kêriadenn,Ar Veuz,2016-02-08
6036,2001-11-26,29174,Ploneour-Lanwern,,Languivoa,Languivoa,Kêriadenn,Langiwa,2016-02-08
77977,2007-10-23,29174,Ploneour-Lanwern,,Pen ar Pont,Pen ar Pont,Kêriadenn,Penn ar Pont,2016-02-08
66402,2007-10-23,29174,Ploneour-Lanwern,,Coat Guéguen,Coat Guéguen,Kêriadenn,Koad Gwegen,2016-02-08
78111,2007-10-23,29174,Ploneour-Lanwern,,Fao Glaz,Fao Glaz,Kêriadenn,Fao C'hlas,2016-02-08
78269,2007-10-23,29174,Ploneour-Lanwern,,Mine Glaz,Mine Glaz,Kêriadenn,Mine Glas,2016-02-08
66470,2007-10-23,29174,Ploneour-Lanwern,,Keribic,Keribic,Kêriadenn,Keribig,2016-02-08
77984,2007-10-23,29174,Ploneour-Lanwern,,Kermorvan Coz,Kermorvan Coz,Kêriadenn,Kervorvan Gozh,2016-02-08
78099,2007-10-23,29174,Ploneour-Lanwern,Moulin de,Trémillec,Moulin de Trémillec,Kêriadenn,Meilh Dremilieg,2016-02-08
66448,2007-10-23,29174,Ploneour-Lanwern,,Kerganet,Kerganet,Kêriadenn,Kerganed,2016-02-08
78134,2007-10-23,29174,Ploneour-Lanwern,,Kerhua Vian,Kerhua Vian,Kêriadenn,Keruha Vihan,2016-02-08
78116,2007-10-23,29174,Ploneour-Lanwern,Le,Cosquer Nevez,Le Cosquer Nevez,Kêriadenn,Ar Gozhkêr Nevez,2016-02-08
78005,2007-10-23,29174,Ploneour-Lanwern,,Kereon d'Alae,Kereon d'Alae,Kêriadenn,Kereon d'al Lae,2016-02-08
91895,2007-10-23,29174,Ploneour-Lanwern,,Kanol Kerguivian,Kanol Kerguivian,Dour,Kanol Kergivian,2016-02-08
78172,2007-10-23,29174,Ploneour-Lanwern,La,Tour,La Tour,Kêriadenn,An Tour,2016-02-08
66594,2007-10-23,29174,Ploneour-Lanwern,,Trégonda,Trégonda,Kêriadenn,Tregonda,2016-02-08
78295,2007-10-23,29174,Ploneour-Lanwern,,Ty Kerganet,Ty Kerganet,Kêriadenn,Ti Kerganed,2016-02-08
91985,2007-10-23,29174,Ploneour-Lanwern,,Maner Quelordan,Maner Quelordan,Kêriadenn,Maner Kelordan,2016-02-08
91953,2007-10-23,29174,Ploneour-Lanwern,,Poull Mariano,Poull Mariano,Monumant,Poull Mariano,2016-02-08
66496,2007-10-23,29174,Ploneour-Lanwern,,Keroec,Keroec,Kêriadenn,Kerroeg,2016-02-08
66546,2007-10-23,29174,Ploneour-Lanwern,,Léac'h-Durand,Léac'h-Durand,Kêriadenn,Lec'h Durant,2016-02-08
66432,2007-10-23,29174,Ploneour-Lanwern,,Kerbenoc'h,Kerbenoc'h,Kêriadenn,Kerbennoc'h,2016-02-08
91860,2007-10-23,29174,Ploneour-Lanwern,,Hent Boderes,Hent Boderes,Hent,Hent ar Boderezh,2016-02-08
66488,2007-10-23,29174,Ploneour-Lanwern,,Kerlenesq,Kerlenesq,Kêriadenn,Kerlennesk,2016-02-08
91901,2007-10-23,29174,Ploneour-Lanwern,,Feunteun Keriequel,Feunteun Keriequel,Monumant,Feunteun Keriekel,2016-02-08
91905,2007-10-23,29174,Ploneour-Lanwern,,Kerignon bras,Kerignon bras,Kêriadenn,Kerignon Vras,2016-02-08
66384,2007-10-23,29174,Ploneour-Lanwern,,Brec'houel,Brec'houel,Kêriadenn,Brec'houel,2016-02-08
78277,2007-10-23,29174,Ploneour-Lanwern,,Penale,Penale,Kêriadenn,Pennale,2016-02-08
66410,2007-10-23,29174,Ploneour-Lanwern,,Créac'h Irvin,Créac'h Irvin,Kêriadenn,Krec'h Irvin,2016-02-08
91969,2007-10-23,29174,Ploneour-Lanwern,,Impasse de Penhoad,Impasse de Penhoad,Hent,Penc'hoad,2016-02-08
92004,2007-10-23,29174,Ploneour-Lanwern,,Tréordo bian,Tréordo bian,Kêriadenn,Treordo Bihan,2016-02-08
91927,2007-10-23,29174,Ploneour-Lanwern,,Kervrouyen Vihan,Kervrouyen Vihan,Kêriadenn,Kervrouien Vihan,2016-02-08
91903,2007-10-23,29174,Ploneour-Lanwern,Moulin de,Kerignon,Moulin de Kerignon,Kêriadenn,Meilh Gerignon,2016-02-08
78158,2007-10-23,29174,Ploneour-Lanwern,,Kerguellou Vian,Kerguellou Vian,Kêriadenn,Kergellou Vihan,2016-02-08
78009,2007-10-23,29174,Ploneour-Lanwern,,Kervern,Kervern,Kêriadenn,Kervern,2016-02-08
91981,2007-10-23,29174,Ploneour-Lanwern,,Ar Poul Bian,Ar Poul Bian,Monumant,Ar Poull Bihan,2016-02-08
77974,2007-10-23,29174,Ploneour-Lanwern,,Kerfelest Vian,Kerfelest Vian,Kêriadenn,Kerfelez Vihan,2016-02-08
92009,2007-10-23,29174,Ploneour-Lanwern,,Ty-Roux,Ty-Roux,Kêriadenn,Ti Rouz,2016-02-08
91945,2007-10-23,29174,Ploneour-Lanwern,,Maner Lescoulouarn,Maner Lescoulouarn,Kêriadenn,Maner Leskoulouarn,2016-02-08
78161,2007-10-23,29174,Ploneour-Lanwern,,Roscoz Bihan,Roscoz Bihan,Kêriadenn,Roskozh Vihan,2016-02-08
66504,2012-10-09,29174,Ploneour-Lanwern,,Kersalous,Kersalous,Kêriadenn,Kersalouz,2016-02-08
78128,2007-10-23,29174,Ploneour-Lanwern,,Cosmaner Nevez,Cosmaner Nevez,Kêriadenn,Ar C'hozhvaner Nevez,2016-02-08
78149,2007-10-23,29174,Ploneour-Lanwern,,Lespenhy Vian,Lespenhy Vian,Kêriadenn,Lespenc'hi Vihan,2016-02-08
66436,2007-10-23,29174,Ploneour-Lanwern,,Kerbrohen,Kerbrohen,Kêriadenn,Kerbroc'hen,2016-02-08
78264,2007-10-23,29174,Ploneour-Lanwern,Rue de,Mariano,Rue de Mariano,Hent,Hent Mariano,2016-02-08
91997,2007-10-23,29174,Ploneour-Lanwern,,Poull al Loc'h,Poull al Loc'h,Monumant,Poull al Loc'h,2016-02-08
78142,2007-10-23,29174,Ploneour-Lanwern,,Kerniou Vian,Kerniou Vian,Kêriadenn,Kerniou Vihan,2016-02-08
78238,2007-10-23,29174,Ploneour-Lanwern,,Croas ar Mine,Croas ar Mine,Monumant,Kroaz ar Mine,2016-02-08
66428,2007-10-23,29174,Ploneour-Lanwern,,Kerallan,Kerallan,Kêriadenn,Keralann,2016-02-08
91952,2007-10-23,29174,Ploneour-Lanwern,,Feunteun Mariano,Feunteun Mariano,Monumant,Feunteun Mariano,2016-02-08
77999,2007-10-23,29174,Ploneour-Lanwern,,Kerlan,Kerlan,Kêriadenn,Kerlann,2016-02-08
66396,2007-10-23,29174,Ploneour-Lanwern,,Briscoul,Briscoul,Kêriadenn,Briskoul,2016-02-08
78151,2007-10-23,29174,Ploneour-Lanwern,,Penquer,Penquer,Kêriadenn,Penkêr,2016-02-08
78217,2007-10-23,29174,Ploneour-Lanwern,,Kerseurec Vihan,Kerseurec Vihan,Kêriadenn,Kerzeureg Vihan,2016-02-08
78266,2007-10-23,29174,Ploneour-Lanwern,,Menez Bian,Menez Bian,Kêriadenn,Menez Bihan,2016-02-08
66458,2007-10-23,29174,Ploneour-Lanwern,,Kergoulouarn,Kergoulouarn,Kêriadenn,Kergoulouarn,2016-02-08
77927,2007-10-23,29174,Ploneour-Lanwern,,Kervilloc Vian,Kervilloc Vian,Kêriadenn,Kervillog Vras,2016-02-08
78008,2007-10-23,29174,Ploneour-Lanwern,,Runevez Bian,Runevez Bian,Kêriadenn,Ar Ru Nevez Vihan,2016-02-08
78105,2007-10-23,29174,Ploneour-Lanwern,,Kergambae,Kergambae,Kêriadenn,Kergambae,2016-02-08
91921,2007-10-23,29174,Ploneour-Lanwern,,Kersulec dalaé,Kersulec dalaé,Kêriadenn,Kersuleg d'al Lae,2016-02-08
66420,2007-10-23,29174,Ploneour-Lanwern,Le,Guenvez,Le Guenvez,Kêriadenn,Ar Genvez,2016-02-08
78259,2007-10-23,29174,Ploneour-Lanwern,,Kertanneau,Kertanneau,Kêriadenn,Kerdano,2016-02-08
92002,2007-10-23,29174,Ploneour-Lanwern,Route de,Tréogat,Route de Tréogat,Hent,Hent Trêgad,2016-02-08
91965,2007-10-23,29174,Ploneour-Lanwern,,An Otel Bihan,An Otel Bihan,Kêriadenn,An Otel Bihan,2016-02-08
92000,2007-10-23,29174,Ploneour-Lanwern,,Traon ar Veuz,Traon ar Veuz,Kêriadenn,Traoñ ar Veuz,2016-02-08
91951,2007-10-23,29174,Ploneour-Lanwern,,Mariano,Mariano,Karter,Mariano,2016-02-08
82251,2007-10-23,29174,Ploneour-Lanwern,,Maesamoez,Maesamoez,Kêriadenn,Maezamoez,2016-02-08
91918,2007-10-23,29174,Ploneour-Lanwern,,Poull Kersquedel,Poull Kersquedel,Monumant,Poull Kerskedel,2016-02-08
66426,2007-10-23,29174,Ploneour-Lanwern,,Keraden,Keraden,Kêriadenn,Kerraden,2016-02-08
91979,2007-10-23,29174,Ploneour-Lanwern,,Laezenn ar Plukator,Laezenn ar Plukator,Diseurt,Laezenn ar Plukator,2016-02-08
82238,2007-10-23,29174,Ploneour-Lanwern,,Kerangars,Kerangars,Kêriadenn,Kerarc'harzh,2016-02-08
82205,2007-10-23,29174,Ploneour-Lanwern,,Gore Kerhua,Gore Kerhua,Kêriadenn,Gorre Keruha,2016-02-08
78254,2007-10-23,29174,Ploneour-Lanwern,,Kerlavar,Kerlavar,Kêriadenn,Kerlavar,2016-02-08
78298,2007-10-23,29174,Ploneour-Lanwern,,Ty Warem,Ty Warem,Kêriadenn,Ti ar Waremm,2016-02-08
78114,2007-10-23,29174,Ploneour-Lanwern,,Viloury Caoudal,Viloury Caoudal,Kêriadenn,Ar Vilouri Gaoudal,2016-02-08
124560,2011-11-21,29174,Ploneour-Lanwern,Rue,Charles le Goffic,Rue Charles le Goffic,Hent,Straed Charlez ar Govig,2016-02-08
91968,2007-10-23,29174,Ploneour-Lanwern,,Pen ar Prat Coz,Pen ar Prat Coz,Kêriadenn,Penn ar Prad Kozh,2016-02-08
66400,2007-10-23,29174,Ploneour-Lanwern,,Coatellen,Coatellen,Kêriadenn,Koatelen,2016-02-08
66418,2007-10-23,29174,Ploneour-Lanwern,,Fao Youen,Fao Youen,Kêriadenn,Fao Youenn,2016-02-08
78270,2007-10-23,29174,Ploneour-Lanwern,,Mine Languric,Mine Languric,Kêriadenn,Mine Langirig,2016-02-08
91900,2007-10-23,29174,Ploneour-Lanwern,,Keriel,Keriel,Kêriadenn,Keriell,2016-02-08
77986,2007-10-23,29174,Ploneour-Lanwern,,Kermorvan Vian,Kermorvan Vian,Kêriadenn,Kervorvan Vihan,2016-02-08
78100,2007-10-23,29174,Ploneour-Lanwern,Moulin du,Fao,Moulin du Fao,Kêriadenn,Meilh Fao,2016-02-08
66450,2007-10-23,29174,Ploneour-Lanwern,,Kergaviny,Kergaviny,Kêriadenn,Kergavini,2016-02-08
66518,2007-10-23,29174,Ploneour-Lanwern,,Kervahut,Kervahut,Kêriadenn,Kervahu,2016-02-08
78118,2007-10-23,29174,Ploneour-Lanwern,,Cosquer Vras,Cosquer Vras,Kêriadenn,Ar Gozhkêr Vras,2016-02-08
91885,2007-10-23,29174,Ploneour-Lanwern,,Kereon Izelañ,Kereon Izelañ,Kêriadenn,Kereon Izelañ,2016-02-08
91943,2007-10-23,29174,Ploneour-Lanwern,,Kanol Lescoulouarn,Kanol Lescoulouarn,Dour,Kanol Leskoulouarn,2016-02-08
66596,2007-10-23,29174,Ploneour-Lanwern,,Treluan,Treluan,Kêriadenn,Treluan,2016-02-08
78291,2007-10-23,29174,Ploneour-Lanwern,,Ty Crohan,Ty Crohan,Kêriadenn,Ti Kroc'hen,2016-02-08
91909,2007-10-23,29174,Ploneour-Lanwern,,Maner Kerneizan,Maner Kerneizan,Kêriadenn,Maner Kerneizan,2016-02-08
91974,2007-10-23,29174,Ploneour-Lanwern,,Poull Pêr Gwreg,Poull Pêr Gwreg,Monumant,Poull Pêr Gwreg,2016-02-08
78021,2007-10-23,29174,Ploneour-Lanwern,,Kerrolland,Kerrolland,Kêriadenn,Kerrolant,2016-02-08
78174,2007-10-23,29174,Ploneour-Lanwern,La,Tour Vras,La Tour Vras,Kêriadenn,An Tour Bras,2016-02-08
91958,2007-10-23,29174,Ploneour-Lanwern,,Lenn Meilh Bondivi,Lenn Meilh Bondivi,Dour,Lenn Meilh Bondivi,2016-02-08
78019,2007-10-23,29174,Ploneour-Lanwern,,Kerbilaet Vian,Kerbilaet Vian,Kêriadenn,Kerbilaed Vihan,2016-02-08
78283,2007-10-23,29174,Ploneour-Lanwern,Route de,Quimper,Route de Quimper,Hent,Hent Kemper,2016-02-08
66484,2007-10-23,29174,Ploneour-Lanwern,,Kerloazec,Kerloazec,Kêriadenn,Kerloazeg,2016-02-08
78232,2007-10-23,29174,Ploneour-Lanwern,,Carnoen,Carnoen,Kêriadenn,Karnoen,2016-02-08
91922,2007-10-23,29174,Ploneour-Lanwern,,Feunteun Kervescar,Feunteun Kervescar,Monumant,Feunteun Kerveskar,2016-02-08
82243,2007-10-23,29174,Ploneour-Lanwern,,Kerimel,Kerimel,Kêriadenn,Kerimel,2016-02-08
66388,2007-10-23,29174,Ploneour-Lanwern,,Brenanvec,Brenanvec,Kêriadenn,Brenañveg,2016-02-08
77919,2007-10-23,29174,Ploneour-Lanwern,,Penanroz,Penanroz,Kêriadenn,Pennaroz,2016-02-08
66408,2007-10-23,29174,Ploneour-Lanwern,,Créac'h Carnic,Créac'h Carnic,Kêriadenn,Krec'h Karnig,2016-02-08
78143,2007-10-23,29174,Ploneour-Lanwern,,Penfrat,Penfrat,Kêriadenn,Penfrad,2016-02-08
78229,2007-10-23,29174,Ploneour-Lanwern,,Treordo Jegou,Treordo Jegou,Kêriadenn,Treordo Jegou,2016-02-08
77929,2007-10-23,29174,Ploneour-Lanwern,,Kervrouyen Ven,Kervrouyen Ven,Kêriadenn,Kervrouien Wenn,2016-02-08
78274,2007-10-23,29174,Ploneour-Lanwern,Moulin de,Kerbenoc'h,Moulin de Kerbenoc'h,Kêriadenn,Meilh Kerbennoc'h,2016-02-08
66466,2007-10-23,29174,Ploneour-Lanwern,,Kerguivian,Kerguivian,Kêriadenn,Kergivian,2016-02-08
77923,2007-10-23,29174,Ploneour-Lanwern,,Kervescar Vian,Kervescar Vian,Kêriadenn,Kerveskar Vihan,2016-02-08
78136,2007-10-23,29174,Ploneour-Lanwern,,Rest,Rest,Kêriadenn,Ar Rest,2016-02-08
66446,2007-10-23,29174,Ploneour-Lanwern,,Kerfiat,Kerfiat,Kêriadenn,Kerfiad,2016-02-08
82239,2007-10-23,29174,Ploneour-Lanwern,,Kechas,Kechas,Kêriadenn,Kerc'haz,2016-02-08
91975,2007-10-23,29174,Ploneour-Lanwern,Route de,Plogastel,Route de Plogastel,Hent,Hent Plogastell,2016-02-08
91871,2013-09-02,29174,Ploneour-Lanwern,Rue,Croascaer,Rue Croascaer,Hent,Hent Kroeskaer,2016-02-08
78292,2007-10-23,29174,Ploneour-Lanwern,,Ty er Douar,Ty er Douar,Kêriadenn,Tier Douar,2016-02-08
91970,2007-10-23,29174,Ploneour-Lanwern,,Maner Penisquin,Maner Penisquin,Kêriadenn,Maner Penniskin,2016-02-08
91989,2007-10-23,29174,Ploneour-Lanwern,,Rossilis,Rossilis,Diseurt,Roziliz,2016-02-08
78156,2007-10-23,29174,Ploneour-Lanwern,,Kerscao,Kerscao,Kêriadenn,Kerskao,2016-02-08
91868,2007-10-23,29174,Ploneour-Lanwern,,Creniat Ruvian,Creniat Ruvian,Kêriadenn,Ar C'hreniad Ruvien,2016-02-08
91949,2007-10-23,29174,Ploneour-Lanwern,,Poull ar Maner Bihan,Poull ar Maner Bihan,Monumant,Poull ar Maner Bihan,2016-02-08
66494,2007-10-23,29174,Ploneour-Lanwern,,Kerniven,Kerniven,Kêriadenn,Kernivin,2016-02-08
82228,2007-10-23,29174,Ploneour-Lanwern,,Croix-du-Méjou,Croix-du-Méjou,Monumant,Kroez ar Mejoù,2016-02-08
91878,2007-10-23,29174,Ploneour-Lanwern,,Kerambludou Vihan,Kerambludou Vihan,Kêriadenn,Kerambludoù Vihan,2016-02-08
91993,2007-10-23,29174,Ploneour-Lanwern,,Feunteun Sant Eneour,Feunteun Sant Eneour,Monumant,Feunteun Sant Eneour,2016-02-08
78169,2007-10-23,29174,Ploneour-Lanwern,,Kerlantonet,Kerlantonet,Kêriadenn,Kerlantoned,2016-02-08
91931,2007-10-23,29174,Ploneour-Lanwern,Chapelle de,Languivoa,Chapelle de Languivoa,Monumant,Chapel Langiwa,2016-02-08
82250,2007-10-23,29174,Ploneour-Lanwern,,Lestreganou,Lestreganou,Kêriadenn,Lestregannou,2016-02-08
78153,2007-10-23,29174,Ploneour-Lanwern,,Penquer Bras,Penquer Bras,Kêriadenn,Penkêr Bras,2016-02-08
66514,2007-10-23,29174,Ploneour-Lanwern,,Kersonis,Kersonis,Kêriadenn,Kerzoniz,2016-02-08
91955,2007-10-23,29174,Ploneour-Lanwern,,Menez Gouyen,Menez Gouyen,Kêriadenn,Menez Gouien,2016-02-08
78150,2007-10-23,29174,Ploneour-Lanwern,,Kerguen,Kerguen,Kêriadenn,Kergwenn,2016-02-08
66532,2007-10-23,29174,Ploneour-Lanwern,,Kervoelan,Kervoelan,Kêriadenn,Kervoelan,2016-02-08
77973,2007-10-23,29174,Ploneour-Lanwern,Le,Stang,Le Stang,Kêriadenn,Ar Stank,2016-02-08
91919,2007-10-23,29174,Ploneour-Lanwern,,Kersulec Bras,Kersulec Bras,Kêriadenn,Kersuleg Vras,2016-02-08
78245,2007-10-23,29174,Ploneour-Lanwern,,Guernevez Vian,Guernevez Vian,Kêriadenn,Ar Gernevez Vihan,2016-02-08
82240,2007-10-23,29174,Ploneour-Lanwern,,Kerdenaut,Kerdenaut,Kêriadenn,Kerdenod,2016-02-08
78285,2007-10-23,29174,Ploneour-Lanwern,Route de,Tremeoc,Route de Tremeoc,Hent,Hent Tremeog,2016-02-08
91966,2007-10-23,29174,Ploneour-Lanwern,,An Otel Jezuz,An Otel Jezuz,Monumant,An Otel Jezuz,2016-02-08
91930,2007-10-23,29174,Ploneour-Lanwern,,Traoñ Meilh Lan,Traoñ Meilh Lan,Kêriadenn,Traoñ Meilh Lann,2016-02-08
78171,2007-10-23,29174,Ploneour-Lanwern,Moulin de la,Tour,Moulin de la Tour,Kêriadenn,Meilh ar Wrac'h,2016-02-08
91888,2007-10-23,29174,Ploneour-Lanwern,,Kergambaë Kreis,Kergambaë Kreis,Kêriadenn,Kergambae Greiz,2016-02-08
78290,2007-10-23,29174,Ploneour-Lanwern,,Ty Bout,Ty Bout,Kêriadenn,Ti Boud,2016-02-08
91947,2007-10-23,29174,Ploneour-Lanwern,,Maner Bihan,Maner Bihan,Kêriadenn,Maner Bihan,2016-02-08
91867,2007-10-23,29174,Ploneour-Lanwern,,Poull ar Creac'h Ru,Poull ar Creac'h Ru,Monumant,Poull Krec'h Ru,2016-02-08
78122,2007-10-23,29174,Ploneour-Lanwern,,Kerrien,Kerrien,Kêriadenn,Kerrien,2016-02-08
66542,2007-10-23,29174,Ploneour-Lanwern,,Langustans,Langustans,Kêriadenn,Langustañs,2016-02-08
78026,2007-10-23,29174,Ploneour-Lanwern,,Keravel,Keravel,Kêriadenn,Keravel,2016-02-08
66424,2007-10-23,29174,Ploneour-Lanwern,Le,Hellen,Le Hellen,Kêriadenn,Hellann,2016-02-08
78166,2007-10-23,29174,Ploneour-Lanwern,,Kerleac'h Traon,Kerleac'h Traon,Kêriadenn,Kerlec'h an Traoñ,2016-02-08
78243,2007-10-23,29174,Ploneour-Lanwern,,Goarem Coz,Goarem Coz,Kêriadenn,Ar Waremm Gozh,2016-02-08
6949,1991-01-04,29174,Ploneour-Lanwern,,Plonéour-Lanvern,Plonéour-Lanvern,Kumun,Ploneour-Lanwern,2016-02-08
124804,2012-01-04,29174,Ploneour-Lanwern,Ecole,Notre-Dame de Bon Secours,Ecole Notre-Dame de Bon Secours,Monumant,Skol Itron-Varia Wir-Sikour,2016-02-08
78129,2007-10-23,29174,Ploneour-Lanwern,,Pen Yeun,Pen Yeun,Kêriadenn,Penn Yeun,2016-02-08
91892,2007-10-23,29174,Ploneour-Lanwern,,Koed Kergoulouarn,Koed Kergoulouarn,Koad,Koed Kergoulouarn,2016-02-08
91982,2007-10-23,29174,Ploneour-Lanwern,,Feunteun ar Poul Bian,Feunteun ar Poul Bian,Monumant,Feunteun ar Poull Bihan,2016-02-08
78272,2007-10-23,29174,Ploneour-Lanwern,,Minodic,Minodic,Kêriadenn,Minodig,2016-02-08
77982,2007-10-23,29174,Ploneour-Lanwern,,Keriforn Vian,Keriforn Vian,Kêriadenn,Keriforn Vihan,2016-02-08
77922,2007-10-23,29174,Ploneour-Lanwern,,Treluan Vras,Treluan Vras,Kêriadenn,Treluan Vras,2016-02-08
66534,2007-10-23,29174,Ploneour-Lanwern,,Kervrouyen,Kervrouyen,Kêriadenn,Kervrouien,2016-02-08
91984,2007-10-23,29174,Ploneour-Lanwern,Moulin de,Quélordan,Moulin de Quélordan,Kêriadenn,Meilh Gelordan,2016-02-08
91894,2007-10-23,29174,Ploneour-Lanwern,,Kergueff Izelañ,Kergueff Izelañ,Kêriadenn,Kergef Izelañ,2016-02-08
66522,2007-10-23,29174,Ploneour-Lanwern,,Kervant,Kervant,Kêriadenn,Kervan,2016-02-08
91950,2007-10-23,29174,Ploneour-Lanwern,,Ar Maner Kozh,Ar Maner Kozh,Kêriadenn,Ar Maner Kozh,2016-02-08
66438,2007-10-23,29174,Ploneour-Lanwern,,Keréonval,Keréonval,Kêriadenn,Kereonwel,2016-02-08
91875,2007-10-23,29174,Ploneour-Lanwern,,Kanol Pont Iliz,Kanol Pont Iliz,Dour,Kanol Pont Iliz,2016-02-08
78296,2007-10-23,29174,Ploneour-Lanwern,,Ty Nevez Callac,Ty Nevez Callac,Kêriadenn,Ti Nevez Kalleg,2016-02-08
78262,2007-10-23,29174,Ploneour-Lanwern,Manoir de,Kerhuel,Manoir de Kerhuel,Kêriadenn,Maner Keruhel,2016-02-08
66584,2007-10-23,29174,Ploneour-Lanwern,,Pratoizec,Pratoizec,Kêriadenn,Pradoazeg,2016-02-08
66502,2007-10-23,29174,Ploneour-Lanwern,,Kerruc,Kerruc,Kêriadenn,Kerrug,2016-02-08
78168,2007-10-23,29174,Ploneour-Lanwern,,Boderes Vian,Boderes Vian,Kêriadenn,Ar Boderezh Vihan,2016-02-08
91940,2007-10-23,29174,Ploneour-Lanwern,,Lesbervé Huéla,Lesbervé Huéla,Kêriadenn,Lesberved Uhelañ,2016-02-08
78017,2007-10-23,29174,Ploneour-Lanwern,,Kerbreac'h,Kerbreac'h,Kêriadenn,Kerbrec'h,2016-02-08
91933,2007-10-23,29174,Ploneour-Lanwern,,Hent Languivoa,Hent Languivoa,Hent,Hent Langiwa,2016-02-08
78024,2007-10-23,29174,Ploneour-Lanwern,,Kernalec,Kernalec,Kêriadenn,Kernaleg,2016-02-08
78131,2007-10-23,29174,Ploneour-Lanwern,,Créac'h Ru,Créac'h Ru,Kêriadenn,Krec'h Ruz,2016-02-08
82201,2007-10-23,29174,Ploneour-Lanwern,,Bonne Nouvelle,Bonne Nouvelle,Kêriadenn,Keloù Mat,2016-02-08
91932,2007-10-23,29174,Ploneour-Lanwern,,Feunteun Languivoa,Feunteun Languivoa,Monumant,Feunteun Langiwa,2016-02-08
78102,2007-10-23,29174,Ploneour-Lanwern,,Keristic Vian,Keristic Vian,Kêriadenn,Keristig Vihan,2016-02-08
77994,2007-10-23,29174,Ploneour-Lanwern,,Brenanvec Nevez,Brenanvec Nevez,Kêriadenn,Brenañveg Nevez,2016-02-08
66576,2007-10-23,29174,Ploneour-Lanwern,,Pénisquin,Pénisquin,Kêriadenn,Penniskin,2016-02-08
78146,2007-10-23,29174,Ploneour-Lanwern,,Penfrat Nevez,Penfrat Nevez,Kêriadenn,Penfrad Nevez,2016-02-08
92005,2007-10-23,29174,Ploneour-Lanwern,,Tréordo huella,Tréordo huella,Kêriadenn,Treordo Uhelañ,2016-02-08
77924,2007-10-23,29174,Ploneour-Lanwern,,Keryan,Keryan,Kêriadenn,Keryann,2016-02-08
78275,2007-10-23,29174,Ploneour-Lanwern,Moulin de,Lanvern,Moulin de Lanvern,Kêriadenn,Meilh Lanwern,2016-02-08
66454,2007-10-23,29174,Ploneour-Lanwern,,Kergonian,Kergonian,Kêriadenn,Kergonian,2016-02-08
82248,2007-10-23,29174,Ploneour-Lanwern,,Kermeurysac,Kermeurysac,Kêriadenn,Kerveurizag,2016-02-08
78138,2007-10-23,29174,Ploneour-Lanwern,,Rest Vian,Rest Vian,Kêriadenn,Ar Rest Vihan,2016-02-08
78080,2007-10-23,29174,Ploneour-Lanwern,,Kerfoulard,Kerfoulard,Kêriadenn,Kerfoular,2016-02-08
78133,2007-10-23,29174,Ploneour-Lanwern,,Creniat Vras,Creniat Vras,Kêriadenn,Ar C'hreniad Vras,2016-02-08
78124,2007-10-23,29174,Ploneour-Lanwern,,Kerdalem,Kerdalem,Kêriadenn,Kerdalem,2016-02-08
78282,2007-10-23,29174,Ploneour-Lanwern,Route de,Pont l'Abbé,Route de Pont l'Abbé,Hent,Hent Pont-'n-Abad,2016-02-08
78246,2007-10-23,29174,Ploneour-Lanwern,L',Hermitage,L' Hermitage,Kêriadenn,An Ermitaj,2016-02-08
78155,2007-10-23,29174,Ploneour-Lanwern,,Toularcus,Toularcus,Kêriadenn,Toullarkuz,2016-02-08
91992,2007-10-23,29174,Ploneour-Lanwern,,Maner Sant Julien,Maner Sant Julien,Kêriadenn,Maner Sant Julien,2016-02-08
78020,2007-10-23,29174,Ploneour-Lanwern,,Stang ar Goulinet,Stang ar Goulinet,Kêriadenn,Stank ar Goulined,2016-02-08
66506,2007-10-23,29174,Ploneour-Lanwern,,Kerscoudou Kerscoudou,Kerscoudou Kerscoudou,Kêriadenn,Kerskoudoù,2016-02-08
66562,2007-10-23,29174,Ploneour-Lanwern,,Leurélez,Leurélez,Kêriadenn,Leurelez,2016-02-08
92011,2007-10-23,29174,Ploneour-Lanwern,,Poull ar Vilouri Gaoudal,Poull ar Vilouri Gaoudal,Monumant,Poull ar Vilouri Gaoudal,2016-02-08
78159,2007-10-23,29174,Ploneour-Lanwern,,Keroret Vihan,Keroret Vihan,Kêriadenn,Kerored Vihan,2016-02-08
78241,2007-10-23,29174,Ploneour-Lanwern,,Croix Languivoa,Croix Languivoa,Monumant,Kroez Langiwa,2016-02-08
78029,2007-10-23,29174,Ploneour-Lanwern,,Kerandraon,Kerandraon,Kêriadenn,Kerandraon,2016-02-08
82260,2007-10-23,29174,Ploneour-Lanwern,Fontaine,Saint-Sébastien,Fontaine Saint-Sébastien,Monumant,Feunteun Sant Sebastien,2016-02-08
91906,2007-10-23,29174,Ploneour-Lanwern,,Kerläouédec Creïs,Kerläouédec Creïs,Kêriadenn,Kerlaouedeg Greiz,2016-02-08
78279,2007-10-23,29174,Ploneour-Lanwern,,Penqueros,Penqueros,Kêriadenn,Penkêroz,2016-02-08
91915,2007-10-23,29174,Ploneour-Lanwern,,Kersonis Vras,Kersonis Vras,Kêriadenn,Kerzoniz Vras,2016-02-08
82231,2007-10-23,29174,Ploneour-Lanwern,Allée de,Ty Bout,Allée de Ty Bout,Hent,Estreved Ti Boud,2016-02-08
78267,2007-10-23,29174,Ploneour-Lanwern,,Mine Brenanvec,Mine Brenanvec,Kêriadenn,Mine Brenañveg,2016-02-08
82242,2007-10-23,29174,Ploneour-Lanwern,,Kerhelec,Kerhelec,Kêriadenn,Kerheleg,2016-02-08
77983,2007-10-23,29174,Ploneour-Lanwern,,Kermorvan,Kermorvan,Kêriadenn,Kervorvan,2016-02-08
82255,2007-10-23,29174,Ploneour-Lanwern,,Moulin Vert,Moulin Vert,Kêriadenn,Ar Veilh C'hlas,2016-02-08
82233,2007-10-23,29174,Ploneour-Lanwern,Moulin de,Tregalet,Moulin de Tregalet,Kêriadenn,Meilh Dregaled,2016-02-08
78108,2007-10-23,29174,Ploneour-Lanwern,,Kergambae Vras,Kergambae Vras,Kêriadenn,Kergambae Vras,2016-02-08
91899,2007-10-23,29174,Ploneour-Lanwern,,Kerhua Izelañ,Kerhua Izelañ,Kêriadenn,Keruha Izelañ,2016-02-08
78115,2007-10-23,29174,Ploneour-Lanwern,Le,Cosquer,Le Cosquer,Kêriadenn,Ar Gozhkêr,2016-02-08
78003,2007-10-23,29174,Ploneour-Lanwern,,Kereon,Kereon,Kêriadenn,Kereon,2016-02-08
91963,2007-10-23,29174,Ploneour-Lanwern,,Kanol ar Veilh Nevez,Kanol ar Veilh Nevez,Dour,Kanol ar Veilh Nevez,2016-02-08
91998,2007-10-23,29174,Ploneour-Lanwern,,An Toull Gak,An Toull Gak,Diseurt,An Toull Gak,2016-02-08
66592,2007-10-23,29174,Ploneour-Lanwern,,Trégalet,Trégalet,Kêriadenn,Tregaled,2016-02-08
92007,2007-10-23,29174,Ploneour-Lanwern,,Ti Istribilh,Ti Istribilh,Kêriadenn,Ti Istribilh,2016-02-08
91864,2007-10-23,29174,Ploneour-Lanwern,,Maner Brenanvec,Maner Brenanvec,Kêriadenn,Maner Brenañveg,2016-02-08
91946,2007-10-23,29174,Ploneour-Lanwern,,Poull Lescoulouarn,Poull Lescoulouarn,Monumant,Poull Leskoulouarn,2016-02-08
82249,2007-10-23,29174,Ploneour-Lanwern,,Keryvoal,Keryvoal,Kêriadenn,Kerriwal,2016-02-08
66544,2007-10-23,29174,Ploneour-Lanwern,,Lanvern,Lanvern,Kêriadenn,Lanwern,2016-02-08
78028,2007-10-23,29174,Ploneour-Lanwern,,Kerazan,Kerazan,Kêriadenn,Kerazan,2016-02-08
78014,2007-10-23,29174,Ploneour-Lanwern,Le,Helles Vian,Le Helles Vian,Kêriadenn,Hellez Vihan,2016-02-08
78164,2007-10-23,29174,Ploneour-Lanwern,,Kerleac'h Vras,Kerleac'h Vras,Kêriadenn,Kerlec'h Vras,2016-02-08
91904,2007-10-23,29174,Ploneour-Lanwern,,Kerignon Vian,Kerignon Vian,Kêriadenn,Kerignon Vihan,2016-02-08
66382,2007-10-23,29174,Ploneour-Lanwern,,Brahiliec,Brahiliec,Kêriadenn,Brec'hillieg,2016-02-08
78148,2007-10-23,29174,Ploneour-Lanwern,,Penanguer Vian,Penanguer Vian,Kêriadenn,Pennagêr Vihan,2016-02-08
82234,2007-10-23,29174,Ploneour-Lanwern,,Cornnebec,Cornnebec,Kêriadenn,Kornebeg,2016-02-08
91890,2007-10-23,29174,Ploneour-Lanwern,,Feunteun Kergonian,Feunteun Kergonian,Monumant,Feunteun Kergonian,2016-02-08
66600,2007-10-23,29174,Ploneour-Lanwern,,Treordo,Treordo,Kêriadenn,Treordo,2016-02-08
91925,2007-10-23,29174,Ploneour-Lanwern,,Kervrouyen Nevez,Kervrouyen Nevez,Kêriadenn,Kervrouien Nevez,2016-02-08
91886,2007-10-23,29174,Ploneour-Lanwern,Moulin de,Kerfoular,Moulin de Kerfoular,Kêriadenn,Meilh Gerfoular,2016-02-08
66462,2007-10-23,29174,Ploneour-Lanwern,,Kerguellou,Kerguellou,Kêriadenn,Kergellou,2016-02-08
66526,2007-10-23,29174,Ploneour-Lanwern,,Kerverien,Kerverien,Kêriadenn,Kerverien,2016-02-08
78023,2007-10-23,29174,Ploneour-Lanwern,La,Minée,La Minée,Kêriadenn,Ar Mine,2016-02-08
66440,2007-10-23,29174,Ploneour-Lanwern,,Kerfelest,Kerfelest,Kêriadenn,Kerfelez,2016-02-08
91988,2007-10-23,29174,Ploneour-Lanwern,,Otel Roscoz,Otel Roscoz,Kêriadenn,Otel Roskozh,2016-02-08
78297,2007-10-23,29174,Ploneour-Lanwern,,Ty Pin Languivoa,Ty Pin Languivoa,Kêriadenn,Ti Pin Langiwa,2016-02-08
91939,2007-10-23,29174,Ploneour-Lanwern,,Maner Lanvern,Maner Lanvern,Kêriadenn,Maner Lanwern,2016-02-08
78160,2007-10-23,29174,Ploneour-Lanwern,,Roscoz,Roscoz,Kêriadenn,Roskozh,2016-02-08
91912,2007-10-23,29174,Ploneour-Lanwern,,Kerruc Vien,Kerruc Vien,Kêriadenn,Kerrug Vihan,2016-02-08
78126,2007-10-23,29174,Ploneour-Lanwern,,Cosmaner,Cosmaner,Kêriadenn,Ar C'hozhvaner,2016-02-08
66556,2007-10-23,29174,Ploneour-Lanwern,,Lespenhy,Lespenhy,Kêriadenn,Lespenc'hi,2016-02-08
78113,2007-10-23,29174,Ploneour-Lanwern,,Kerprigent Bian,Kerprigent Bian,Kêriadenn,Kerbrijant Vihan,2016-02-08
91942,2007-10-23,29174,Ploneour-Lanwern,,Hent Lescoulouarn,Hent Lescoulouarn,Hent,Hent Leskoulouarn,2016-02-08
66492,2007-10-23,29174,Ploneour-Lanwern,,Kerniou,Kerniou,Kêriadenn,Kerniou,2016-02-08
66536,2007-10-23,29174,Ploneour-Lanwern,,Kreisker,Kreisker,Kêriadenn,Kreiskêr,2016-02-08
78175,2007-10-23,29174,Ploneour-Lanwern,,Keraël,Keraël,Kêriadenn,Kerael,2016-02-08
91941,2007-10-23,29174,Ploneour-Lanwern,,Feunteun Lescoulouarn,Feunteun Lescoulouarn,Monumant,Feunteun Leskoulouarn,2016-02-08
66478,2007-10-23,29174,Ploneour-Lanwern,,Kerlamen,Kerlamen,Kêriadenn,Kerlamen,2016-02-08
66390,2007-10-23,29174,Ploneour-Lanwern,,Breunteunvez,Breunteunvez,Kêriadenn,Brenteunvez,2016-02-08
78280,2007-10-23,29174,Ploneour-Lanwern,,Pont Sanved,Pont Sanved,Kêriadenn,Pont Sanved,2016-02-08
83912,2005-12-19,29212,Plouzane,,Coscastel,Coscastel,Diseurt,Koskastell,2016-02-08
3282,2005-12-19,29212,Plouzane,,Ilioc,Ilioc,Kêriadenn,An Iliog,2016-02-08
3655,2005-12-19,29212,Plouzane,,Keramazé,Keramazé,Kêriadenn,Keramazhe,2016-02-08
3349,2005-12-19,29212,Plouzane,,Lesvezien,Lesvezien,Kêriadenn,Lesvizien,2016-02-08
1995,2005-12-19,29212,Plouzane,Le,Reun,Le Reun,Kêriadenn,Ar Reun,2016-02-08
3329,2005-12-19,29212,Plouzane,,Kerourin,Kerourin,Kêriadenn,Kerourin,2016-02-08
83916,2005-12-19,29212,Plouzane,Anse du,Dellec,Anse du Dellec,Diseurt,Bae Delleg Vihan,2016-02-08
1466,2000-12-20,29212,Plouzane,Bois du,Coat,Bois du Coat,Koad,Ar C'hoad,2016-02-08
3310,2005-12-19,29212,Plouzane,,Keriars,Keriars,Kêriadenn,Keriarz,2016-02-08
3289,2005-12-19,29212,Plouzane,,Kerarbulvaz,Kerarbulvaz,Kêriadenn,Kerarbulvaz,2016-02-08
3270,2005-12-19,29212,Plouzane,Le,Coat,Le Coat,Kêriadenn,Ar C'hoad,2016-02-08
83945,2003-08-11,29212,Plouzane,Giratoire du,Petit Minou,Giratoire du Petit Minou,Hent,Kroashent-tro ar Minou Bihan,2016-02-08
138074,2014-05-21,29212,Plouzane,,Roz Coat,Roz Coat,Kêriadenn,Roz Koad,2016-02-08
3356,2005-12-19,29212,Plouzane,,Mesquiniec,Mesquiniec,Kêriadenn,Meskinieg,2016-02-08
2002,2005-12-19,29212,Plouzane,,Tremaïdic Creis,Tremaïdic Creis,Kêriadenn,Tremaidig Kreiz,2016-02-08
3317,2005-12-19,29212,Plouzane,,Kerjourdren,Kerjourdren,Kêriadenn,Kerjourdren,2016-02-08
3336,2005-12-19,29212,Plouzane,,Kersquivit,Kersquivit,Kêriadenn,Kerskivid,2016-02-08
83949,2005-12-19,29212,Plouzane,Le,Minou,Le Minou,Kêriadenn,Ar Minou,2016-02-08
1983,2005-12-19,29212,Plouzane,,Pen ar C'hoat,Pen ar C'hoat,Kêriadenn,Penn ar C'hoad an Argoad,2016-02-08
83934,2014-06-26,29212,Plouzane,,Kroaz-Teo,Kroaz-Teo,Kêriadenn,Kroaz Teo,2016-02-08
3297,2005-12-19,29212,Plouzane,,Kerascoet,Kerascoet,Kêriadenn,Keraskoed,2016-02-08
8496,2005-12-19,29212,Plouzane,La,Trinité,La Trinité,Kêriadenn,An Dreinded,2016-02-08
3277,2005-12-19,29212,Plouzane,Le,Petit Dellec,Le Petit Dellec,Beg,Delleg Vihan,2016-02-08
143051,2015-09-22,29212,Plouzane,,Penn ar Pont Kerhallet,Penn ar Pont Kerhallet,Kêriadenn,Penn ar Pont Kerc'haled,2016-02-08
3306,2005-12-19,29212,Plouzane,,Kerguestoc,Kerguestoc,Kêriadenn,Kergestog,2016-02-08
2009,2015-03-26,29212,Plouzane,,Ty Nevez,Ty Nevez,Kêriadenn,Ti Nevez,2016-02-08
3344,2005-12-19,29212,Plouzane,,Kerverrien Braz,Kerverrien Braz,Kêriadenn,Kerverien Vras,2016-02-08
1990,2005-12-19,29212,Plouzane,,Poncelin,Poncelin,Kêriadenn,Ponsilin,2016-02-08
3324,2005-12-19,29212,Plouzane,,Kerneac'h,Kerneac'h,Kêriadenn,Kerneac'h,2016-02-08
83944,2005-12-19,29212,Plouzane,,Porsquéné,Porsquéné,Diseurt,Porskene,2016-02-08
3304,2015-03-26,29212,Plouzane,,Kerézoun,Kerézoun,Kêriadenn,Kerezoun,2016-02-08
3657,2005-12-19,29212,Plouzane,,Mescouezel,Mescouezel,Kêriadenn,Meskouezel,2016-02-08
3265,2005-12-19,29212,Plouzane,,Ar C'heun,Ar C'heun,Kêriadenn,Ar C'heun,2016-02-08
83919,2005-12-19,29212,Plouzane,,Gorrekear,Gorrekear,Karter,Gorrekear,2016-02-08
3284,2005-12-19,29212,Plouzane,,Keralliou,Keralliou,Kêriadenn,Keraliou,2016-02-08
3351,2005-12-19,29212,Plouzane,Le,Mengant,Le Mengant,Kêriadenn,Ar Mengant,2016-02-08
1997,2005-12-19,29212,Plouzane,,Ruguellou,Ruguellou,Kêriadenn,Rugelloù,2016-02-08
3331,2005-12-19,29212,Plouzane,,Kersalaun,Kersalaun,Kêriadenn,Kersalaun,2016-02-08
83909,2005-12-19,29212,Plouzane,Le,Cloître,Le Cloître,Kêriadenn,Ar C'hloastr,2016-02-08
1627,1970-01-01,29212,Plouzane,Chapelle,Notre-Dame du Reun,Chapelle Notre-Dame du Reun,Monumant,Chapel Itron-Varia ar Reun,2016-02-08
3312,2005-12-19,29212,Plouzane,,Keriel,Keriel,Kêriadenn,Keryell,2016-02-08
83929,2005-12-19,29212,Plouzane,,Kerjean,Kerjean,Diseurt,Keryann,2016-02-08
3292,2005-12-19,29212,Plouzane,,Kerarguen,Kerarguen,Kêriadenn,Kerargwenn,2016-02-08
6845,2005-12-19,29212,Plouzane,Pointe du,Petit Minou,Pointe du Petit Minou,Beg,Beg ar Minou,2016-02-08
124861,2011-12-01,29212,Plouzane,Porte de,Plouzané,Porte de Plouzané,Diseurt,Dor Plouzane,2016-02-08
3272,2005-12-19,29212,Plouzane,,Coat Salou,Coat Salou,Kêriadenn,Koatsalou,2016-02-08
141728,2015-02-13,29212,Plouzane,Parc,Jacques Brel,Parc Jacques Brel,Takad,Park Jacques Brel,2016-02-08
3358,2005-12-19,29212,Plouzane,,Mezéles,Mezéles,Kêriadenn,Mezelez,2016-02-08
2004,2005-12-19,29212,Plouzane,,Tremaïdic Izella,Tremaïdic Izella,Kêriadenn,Tremaidig Izelañ,2016-02-08
83953,2005-12-19,29212,Plouzane,Le,Rest,Le Rest,Diseurt,Ar Rest,2016-02-08
1985,2005-12-19,29212,Plouzane,,Pen ar Créac'h,Pen ar Créac'h,Kêriadenn,Penn ar C'hreac'h,2016-02-08
3319,2015-05-22,29212,Plouzane,,Kerlavezan,Kerlavezan,Kêriadenn,Kerlavezan Vras,2016-02-08
3338,2005-12-19,29212,Plouzane,,Kerthomas,Kerthomas,Kêriadenn,Kerdomaz,2016-02-08
83936,2005-12-19,29212,Plouzane,,Lannevel,Lannevel,Kêriadenn,Lannevel,2016-02-08
3299,2005-12-19,29212,Plouzane,,Kerbinijen,Kerbinijen,Kêriadenn,Kerbinijen,2016-02-08
31770,2005-12-19,29212,Plouzane,,Bodonnou,Bodonnou,Kêriadenn,Bodonoù,2016-02-08
2011,2005-12-19,29212,Plouzane,,Vern Hallec,Vern Hallec,Kêriadenn,Ar Vern Haleg,2016-02-08
136264,2014-01-30,29212,Plouzane,Complexe de,Trémaïdic,Complexe de Trémaïdic,Monumant,Kreizenn Tremaidig,2016-02-08
3279,2005-12-19,29212,Plouzane,,Feunteun Sané,Feunteun Sané,Kêriadenn,Feunteun Sane,2016-02-08
3346,2005-12-19,29212,Plouzane,,Lannevel Bras,Lannevel Bras,Kêriadenn,Lannevel Vras,2016-02-08
1992,2005-12-19,29212,Plouzane,,Poulpiquet,Poulpiquet,Kêriadenn,Poulpiked,2016-02-08
3326,2005-12-19,29212,Plouzane,,Kerneis,Kerneis,Kêriadenn,Kerneiz,2016-02-08
83954,2005-12-19,29212,Plouzane,,Ti an Diaoul,Ti an Diaoul,Diseurt,Ti an Diaoul,2016-02-08
3307,2005-12-19,29212,Plouzane,,Kergoff,Kergoff,Kêriadenn,Kergo,2016-02-08
3286,2005-12-19,29212,Plouzane,,Kerandraon,Kerandraon,Kêriadenn,Keradraon,2016-02-08
4992,1970-01-01,29212,Plouzane,Pointe du,Diable,Pointe du Diable,Beg,Beg an Diaoul,2016-02-08
3267,2005-12-19,29212,Plouzane,,Brehellen,Brehellen,Kêriadenn,Brec'helen,2016-02-08
83927,2005-12-19,29212,Plouzane,,Kerbaleac'h,Kerbaleac'h,Diseurt,Kerbaleac'h,2016-02-08
3353,2005-12-19,29212,Plouzane,,Mescleuziou,Mescleuziou,Kêriadenn,Meskleuzioù,2016-02-08
1999,2005-12-19,29212,Plouzane,,Toulbaléna,Toulbaléna,Kêriadenn,Toulbalena,2016-02-08
3333,2005-12-19,29212,Plouzane,,Kersalaun Bras,Kersalaun Bras,Kêriadenn,Kersalaun Vras,2016-02-08
83920,2005-12-19,29212,Plouzane,Le,Grand Minou,Le Grand Minou,Diseurt,Ar Minou Bras,2016-02-08
1734,2014-05-21,29212,Plouzane,Port de Plaisance du,Dellec,Port de Plaisance du Dellec,Diseurt,Porzh-bageal Delleg,2016-02-08
3314,2005-12-19,29212,Plouzane,,Kerivin,Kerivin,Kêriadenn,Kerivin,2016-02-08
83931,2015-09-22,29212,Plouzane,,Kernevez,Kernevez,Kêriadenn,Kernevez ar Frañsig,2016-02-08
3294,2005-12-19,29212,Plouzane,,Kerarmestr,Kerarmestr,Kêriadenn,Keramestr,2016-02-08
7106,1970-01-01,29212,Plouzane,,Plouzané,Plouzané,Kumun,Plouzane,2016-02-08
127412,2012-04-23,29212,Plouzane,Espace,Eric Tabarly,Espace Eric Tabarly,Diseurt,Kreizenn Eric Tabarly,2016-02-08
3274,2005-12-19,29212,Plouzane,Le,Cosquer,Le Cosquer,Kêriadenn,Ar Gozhkêr,2016-02-08
142320,2015-03-16,29212,Plouzane,,Koadomnez Vihan,Koadomnez Vihan,Kêriadenn,Koadomnez Vihan,2016-02-08
3361,1970-01-01,29212,Plouzane,Corniche du,Minou,Corniche du Minou,Hent,Aod ar Minou,2016-02-08
2006,1970-01-01,29212,Plouzane,Fontaine de la,Trinité,Fontaine de la Trinité,Monumant,Feunteun an Dreinded,2016-02-08
83924,2005-12-19,29212,Plouzane,Moulin de,Keralliou,Moulin de Keralliou,Monumant,Milin Geraliou,2016-02-08
1987,2005-12-19,29212,Plouzane,,Pen ar Valy,Pen ar Valy,Kêriadenn,Penn ar Vali,2016-02-08
3321,2005-12-19,29212,Plouzane,,Kerlembars,Kerlembars,Kêriadenn,Kerlembarz,2016-02-08
3341,2005-12-19,29212,Plouzane,,Kervaogon,Kervaogon,Kêriadenn,Kervaogon,2016-02-08
83938,2005-12-19,29212,Plouzane,,Laougat,Laougat,Diseurt,Laougad,2016-02-08
3301,2005-12-19,29212,Plouzane,,Kerborhel,Kerborhel,Kêriadenn,Kerborc'hell,2016-02-08
83911,2005-12-19,29212,Plouzane,,Coatquillé,Coatquillé,Kêriadenn,Koatkilhe,2016-02-08
3281,2005-12-19,29212,Plouzane,L',Hospitalou,L' Hospitalou,Kêriadenn,An Ospitaloù,2016-02-08
3654,2005-12-19,29212,Plouzane,,Kerallan,Kerallan,Kêriadenn,Kerallann,2016-02-08
3348,2005-12-19,29212,Plouzane,,Lanrivinec,Lanrivinec,Kêriadenn,Lanrivineg,2016-02-08
1994,2005-12-19,29212,Plouzane,,Quilihouarn,Quilihouarn,Kêriadenn,Killihouarn,2016-02-08
3328,2005-12-19,29212,Plouzane,,Kerouhant,Kerouhant,Kêriadenn,Kerouc'han,2016-02-08
83942,2005-12-19,29212,Plouzane,,Trouhounan,Trouhounan,Kêriadenn,Trouc'hounan,2016-02-08
3309,2005-12-19,29212,Plouzane,,Kerharniel,Kerharniel,Kêriadenn,Kerarniel,2016-02-08
3288,2005-12-19,29212,Plouzane,,Kerarbelec,Kerarbelec,Kêriadenn,Kerarbeleg,2016-02-08
3269,2005-12-19,29212,Plouzane,,Coadenez,Coadenez,Kêriadenn,Koadenez,2016-02-08
23359,2005-03-26,29212,Plouzane,,Mezer Braz,Mezer Braz,Kêriadenn,Mez ar Braz,2016-02-08
3355,2005-12-19,29212,Plouzane,,Mesprat,Mesprat,Kêriadenn,Mesprad,2016-02-08
2001,2005-12-19,29212,Plouzane,,Tremaïdic,Tremaïdic,Kêriadenn,Tremaidig,2016-02-08
3316,2005-12-19,29212,Plouzane,,Kerjestin,Kerjestin,Kêriadenn,Kerjestin,2016-02-08
3335,2005-12-19,29212,Plouzane,,Kersausset,Kersausset,Kêriadenn,Kersaosed,2016-02-08
83939,2005-12-19,29212,Plouzane,Le,Louc'h,Le Louc'h,Diseurt,Al Louc'h,2016-02-08
1982,2014-05-22,29212,Plouzane,Le,Nevent,Le Nevent,Kêriadenn,Nevent,2016-02-08
83933,2005-12-19,29212,Plouzane,,Koad an Ifern,Koad an Ifern,Koad,Koad an Ifern,2016-02-08
3296,2005-12-19,29212,Plouzane,,Kerarrouz,Kerarrouz,Kêriadenn,Kerarrouz,2016-02-08
3276,2005-12-19,29212,Plouzane,Le Grand,Dellec,Le Grand Dellec,Beg,Beg Delleg Vras,2016-02-08
116370,2010-09-02,29212,Plouzane,Ecole,Anita Conti,Ecole Anita Conti,Monumant,Skol Anita Conti,2016-02-08
83925,2005-12-19,29212,Plouzane,,Kerargouriz,Kerargouriz,Kêriadenn,Kerargouriz,2016-02-08
2008,2015-03-26,29212,Plouzane,,Ty Coz,Ty Coz,Kêriadenn,Ti Kozh,2016-02-08
3343,2005-12-19,29212,Plouzane,,Kerverrien Bihan,Kerverrien Bihan,Kêriadenn,Kerverien Vihan,2016-02-08
1989,2005-12-19,29212,Plouzane,,Penhoat,Penhoat,Kêriadenn,Penc'hoad,2016-02-08
3323,2005-12-19,29212,Plouzane,,Kernazec,Kernazec,Kêriadenn,Kernazeg,2016-02-08
83947,2005-12-19,29212,Plouzane,,Penhuel,Penhuel,Kêriadenn,Penhul,2016-02-08
3303,2005-12-19,29212,Plouzane,,Kerebihan,Kerebihan,Kêriadenn,Kerebian,2016-02-08
3656,2005-12-19,29212,Plouzane,,Kroas-Saliou,Kroas-Saliou,Kêriadenn,Kroaz Saliou,2016-02-08
3264,2005-12-19,29212,Plouzane,,Allegot,Allegot,Kêriadenn,An Halegod,2016-02-08
83913,2005-12-19,29212,Plouzane,,Croas ar Go,Croas ar Go,Diseurt,Kroaz ar Go,2016-02-08
3283,2005-12-19,29212,Plouzane,,Kerac'hor,Kerac'hor,Kêriadenn,Kerarc'horr,2016-02-08
3350,2005-12-19,29212,Plouzane,,Lezavarn,Lezavarn,Kêriadenn,Lezavarn,2016-02-08
1996,2005-12-19,29212,Plouzane,,Ringuindy,Ringuindy,Kêriadenn,Ringindi,2016-02-08
3330,2005-12-19,29212,Plouzane,,Kerrousseau,Kerrousseau,Kêriadenn,Kerrouso,2016-02-08
83921,2005-12-19,29212,Plouzane,La,Grande Forge,La Grande Forge,Diseurt,Ar C'hovel Vras,2016-02-08
1624,1970-01-01,29212,Plouzane,Chapelle de la,Trinité,Chapelle de la Trinité,Monumant,Chapel an Dreinded,2016-02-08
3311,2005-12-19,29212,Plouzane,,Keribin,Keribin,Kêriadenn,Keribin,2016-02-08
3291,2005-12-19,29212,Plouzane,,Ker ar Groaz,Ker ar Groaz,Kêriadenn,Kerargroaz,2016-02-08
3271,2005-12-19,29212,Plouzane,,Coatibous,Coatibous,Kêriadenn,Koatibouch,2016-02-08
83928,2005-12-19,29212,Plouzane,,Kerhourlo,Kerhourlo,Diseurt,Kerc'houllo,2016-02-08
140297,2014-11-25,29212,Plouzane,Terrain de l',Hospitalou,Terrain de l' Hospitalou,Monumant,Tachenn an Ospitaloù,2016-02-08
3357,2005-12-19,29212,Plouzane,,Mezarhes,Mezarhes,Kêriadenn,Mezarez,2016-02-08
2003,2005-12-19,29212,Plouzane,,Tremaïdic Huella,Tremaïdic Huella,Kêriadenn,Tremaidig Uhelañ,2016-02-08
1984,2005-12-19,29212,Plouzane,,Pen ar C'hoat,Pen ar C'hoat,Kêriadenn,Penn ar C'hoad an Arvor,2016-02-08
3318,2005-12-19,29212,Plouzane,,Kerlaouen,Kerlaouen,Kêriadenn,Kerlaouen,2016-02-08
3337,2005-12-19,29212,Plouzane,,Kerstrat,Kerstrat,Kêriadenn,Kerstrad,2016-02-08
83950,2005-12-19,29212,Plouzane,Le,Petit Minou,Le Petit Minou,Kêriadenn,Ar Minou Bihan,2016-02-08
83935,2005-12-19,29212,Plouzane,,Landréan,Landréan,Diseurt,Landrean,2016-02-08
3298,2005-12-19,29212,Plouzane,,Kerbers,Kerbers,Kêriadenn,Kerberz,2016-02-08
2010,2015-03-26,29212,Plouzane,,Ty Ruz,Ty Ruz,Kêriadenn,Ti Ruz,2016-02-08
3278,2014-05-21,29212,Plouzane,Fort du,Dellec,Fort du Dellec,Monumant,Kreñv Delleg,2016-02-08
83940,2000-06-09,29212,Plouzane,Roche,Mengant,Roche Mengant,Karreg,Karreg Vengant,2016-02-08
3345,2005-12-19,29212,Plouzane,,Lannevel Bihan,Lannevel Bihan,Kêriadenn,Lannevel Vihan,2016-02-08
1991,2005-12-19,29212,Plouzane,,Poullic,Poullic,Kêriadenn,Ar Poullig,2016-02-08
3325,2005-12-19,29212,Plouzane,,Kernevez,Kernevez,Kêriadenn,Kernevez (Bodonoù),2016-02-08
83948,2005-12-19,29212,Plouzane,,Poulzéron,Poulzéron,Diseurt,Poulzeroun,2016-02-08
3305,2005-12-19,29212,Plouzane,,Kerfezan,Kerfezan,Kêriadenn,Kerfezan,2016-02-08
4609,1999-10-08,29212,Plouzane,,Castel-Névez,Castel-Névez,Kêriadenn,Kastell Nevez,2016-02-08
3266,2005-12-19,29212,Plouzane,Chapelle de,Bodonnou,Chapelle de Bodonnou,Monumant,Chapel Bodonoù,2016-02-08
83926,2005-12-19,29212,Plouzane,,Kerastrez,Kerastrez,Kêriadenn,Kerlastrez,2016-02-08
3285,2005-12-19,29212,Plouzane,,Kerandantec,Kerandantec,Kêriadenn,Kerandanteg,2016-02-08
3352,2006-04-10,29212,Plouzane,,Mesbioudou,Mesbioudou,Kêriadenn,Mesbiodou,2016-02-08
1998,2005-12-19,29212,Plouzane,,Stang Guégen,Stang Guégen,Kêriadenn,Stank Gwegen,2016-02-08
3332,2005-12-19,29212,Plouzane,,Kersalaun Bihan,Kersalaun Bihan,Kêriadenn,Kersalaun Vihan,2016-02-08
83915,2005-12-19,29212,Plouzane,Le,Dellec,Le Dellec,Kêriadenn,Delleg,2016-02-08
1731,1970-01-01,29212,Plouzane,Le,Technopole,Le Technopole,Monumant,An Teknopol,2016-02-08
3313,2005-12-19,29212,Plouzane,,Kerioual,Kerioual,Kêriadenn,Kerriwal,2016-02-08
83930,2005-12-19,29212,Plouzane,,Kernévent,Kernévent,Kêriadenn,Kernevent,2016-02-08
3293,2005-12-19,29212,Plouzane,,Kerarguen an Dour,Kerarguen an Dour,Kêriadenn,Kerargwenn an Dour,2016-02-08
3273,2005-12-19,29212,Plouzane,,Coatuelen,Coatuelen,Kêriadenn,Koatuelen,2016-02-08
141767,2015-02-20,29212,Plouzane,Parc,Paul Larreur,Parc Paul Larreur,Takad,Park Paul Larreur,2016-02-08
3360,2005-12-19,29212,Plouzane,,Mezquili,Mezquili,Kêriadenn,Meskilli,2016-02-08
2005,2005-12-19,29212,Plouzane,,Trenen,Trenen,Kêriadenn,Trenenn,2016-02-08
83952,2005-12-19,29212,Plouzane,Le,Styvel,Le Styvel,Diseurt,Ar Stivell,2016-02-08
1986,2005-12-19,29212,Plouzane,,Pen ar Pont,Pen ar Pont,Kêriadenn,Penn ar Pont,2016-02-08
3320,2005-12-19,29212,Plouzane,,Kerlavezan Bihan,Kerlavezan Bihan,Kêriadenn,Kerlavezan Vihan,2016-02-08
3340,2005-12-19,29212,Plouzane,,Kervao,Kervao,Kêriadenn,Kervao,2016-02-08
83937,2005-12-19,29212,Plouzane,,Lannilis,Lannilis,Kêriadenn,Lanniliz,2016-02-08
3300,2005-12-19,29212,Plouzane,,Kerbleust,Kerbleust,Kêriadenn,Kerbleustr,2016-02-08
83910,2005-12-19,29212,Plouzane,,Coat Omnès,Coat Omnès,Kêriadenn,Koadomnez,2016-02-08
3280,2005-12-19,29212,Plouzane,,Goaremm Glaz,Goaremm Glaz,Kêriadenn,Gwaremm C'hlas,2016-02-08
3653,2005-12-19,29212,Plouzane,,Coat-Edern,Coat-Edern,Kêriadenn,Koad Edern,2016-02-08
3347,2005-12-19,29212,Plouzane,,Langoulian,Langoulian,Kêriadenn,Langoulian,2016-02-08
1993,2005-12-19,29212,Plouzane,,Prat Loas,Prat Loas,Kêriadenn,Prad Loaz,2016-02-08
3327,2005-12-19,29212,Plouzane,,Keropars,Keropars,Kêriadenn,Kerroparzh,2016-02-08
83941,2005-12-19,29212,Plouzane,,Toulbroc'h,Toulbroc'h,Kêriadenn,Toulbroc'h,2016-02-08
3308,2005-12-19,29212,Plouzane,,Kerhallet,Kerhallet,Kêriadenn,Kerc'haled,2016-02-08
3287,2005-12-19,29212,Plouzane,,Kerangoff,Kerangoff,Kêriadenn,Kerango,2016-02-08
3268,2005-12-19,29212,Plouzane,,Brignon,Brignon,Kêriadenn,Brignon,2016-02-08
83917,1970-01-01,29212,Plouzane,Centre Culturel,François Mitterrand,Centre Culturel François Mitterrand,Diseurt,Kreizenn Sevenadurel François Mitterrand,2016-02-08
3354,2005-12-19,29212,Plouzane,,Mesculan,Mesculan,Kêriadenn,Meskulan,2016-02-08
2000,2005-12-19,29212,Plouzane,,Trebaoc,Trebaoc,Kêriadenn,Trebaog,2016-02-08
3315,2005-12-19,29212,Plouzane,,Kerizivin,Kerizivin,Kêriadenn,Kerizivin,2016-02-08
3334,2005-12-19,29212,Plouzane,,Kersignien,Kersignien,Kêriadenn,Kersignen,2016-02-08
83923,2005-12-19,29212,Plouzane,Le,Guenny,Le Guenny,Diseurt,Gwenni,2016-02-08
1981,2005-12-19,29212,Plouzane,,Moguer,Moguer,Kêriadenn,Ar Voger,2016-02-08
83932,2005-12-19,29212,Plouzane,,Kervalanec,Kervalanec,Diseurt,Kervalaneg,2016-02-08
3295,2005-12-19,29212,Plouzane,,Kerarmerrien,Kerarmerrien,Kêriadenn,Kerarmerien,2016-02-08
3275,2005-12-19,29212,Plouzane,,Croix Marie,Croix Marie,Kêriadenn,Kroaz Mari,2016-02-08
3362,1970-01-01,29212,Plouzane,Phare du,Minou,Phare du Minou,Monumant,Tour-tan ar Minou,2016-02-08
2007,2005-12-19,29212,Plouzane,,Ty Baol,Ty Baol,Kêriadenn,Ti Baol,2016-02-08
3342,2005-12-19,29212,Plouzane,,Kerverrien,Kerverrien,Kêriadenn,Kerverien,2016-02-08
83914,2005-12-19,29212,Plouzane,,Croastane,Croastane,Diseurt,Kroastane,2016-02-08
1988,2005-12-19,29212,Plouzane,,Penarvern,Penarvern,Kêriadenn,Pennarvern,2016-02-08
3322,2015-03-26,29212,Plouzane,,Kernabat,Kernabat,Kêriadenn,Kernabad,2016-02-08
83946,2005-12-19,29212,Plouzane,,Mez Yan,Mez Yan,Kêriadenn,Mezyann,2016-02-08
3302,2005-12-19,29212,Plouzane,,Kerdalaez,Kerdalaez,Kêriadenn,Kerdalaez,2016-02-08
122413,2011-08-02,35047,Bruz,Rue,Max Jacob,Rue Max Jacob,Hent,Straed Max Jacob,2016-02-08
144077,2015-12-27,35047,Bruz,Ecluse de,Pont Réan,Ecluse de Pont Réan,Monumant,Skluz Rigan,2016-02-08
136096,2014-01-31,35047,Bruz,,Mons,Mons,Kêriadenn,Mons,2016-02-08
131258,2013-02-05,35047,Bruz,Allée du,Colibri,Allée du Colibri,Hent,Alez ar C'holibri,2016-02-08
123523,2011-09-26,35047,Bruz,Rue d',Iroise,Rue d' Iroise,Hent,Straed an Hirwazh,2016-02-08
127503,2012-05-03,35047,Bruz,Allée,Anita Conti,Allée Anita Conti,Hent,Alez Anita Conti,2016-02-08
119140,2011-02-09,35047,Bruz,,Ker Lann,Ker Lann,Diseurt,Kêr Lann,2016-02-08
133703,2013-06-04,35047,Bruz,Impasse,Pierre-Gilles de Gennes,Impasse Pierre-Gilles de Gennes,Hent,Hent-dall Pierre-Gilles de Gennes,2016-02-08
131259,2013-01-29,35047,Bruz,Avenue de,Wrzesnia,Avenue de Wrzesnia,Hent,Bali Wrzesnia,2016-02-08
122415,2011-08-02,35047,Bruz,Rue,Claude Bernard,Rue Claude Bernard,Hent,Straed Claude Bernard,2016-02-08
144079,2015-12-27,35047,Bruz,Ecluse de,Cicé,Ecluse de Cicé,Monumant,Skluz Cicé,2016-02-08
136097,2014-01-31,35047,Bruz,Place du,Docteur Joly,Place du Docteur Joly,Hent,Plasenn an Doktor Joly,2016-02-08
131266,2013-02-05,35047,Bruz,Le,Haut Launay,Le Haut Launay,Kêriadenn,Ar Wern Uhelañ,2016-02-08
133704,2013-06-04,35047,Bruz,Rue des,Champs Géons,Rue des Champs Géons,Hent,Straed Les Champs Géons,2016-02-08
127898,2012-05-25,35047,Bruz,Rue des,Cadrans,Rue des Cadrans,Hent,Straed an Eurieroù-heol,2016-02-08
143755,2015-11-18,35047,Bruz,Rue,Hélène Boucher,Rue Hélène Boucher,Hent,Straed Hélène Boucher,2016-02-08
4503,1970-01-01,35047,Bruz,,Bruz,Bruz,Kumun,Bruz,2016-02-08
122410,2011-08-02,35047,Bruz,Rue,Henri Queffélec,Rue Henri Queffélec,Hent,Straed Henri Kefeleg,2016-02-08
131261,2013-01-29,35047,Bruz,Avenue de,Cézembre,Avenue de Cézembre,Hent,Bali Sezambr,2016-02-08
122424,2011-08-02,35047,Bruz,Rue,Louis Guilloux,Rue Louis Guilloux,Hent,Straed Louis Gwilhouz,2016-02-08
136104,2014-01-31,35047,Bruz,Bois des,Ormeaux,Bois des Ormeaux,Monumant,Koad Les Ormeaux,2016-02-08
131255,2013-01-29,35047,Bruz,Rue de,Molène,Rue de Molène,Hent,Straed Molenez,2016-02-08
122412,2011-08-02,35047,Bruz,Rue,Victor Segalen,Rue Victor Segalen,Hent,Straed Victor Segalenn,2016-02-08
143757,2015-11-18,35047,Bruz,Rue,Elise Deroche,Rue Elise Deroche,Hent,Straed Elise Deroche,2016-02-08
136095,2014-01-31,35047,Bruz,Le,Cicé,Le Cicé,Kêriadenn,Cicé,2016-02-08
131264,2013-02-05,35047,Bruz,Le,Bas Launay,Le Bas Launay,Kêriadenn,Ar Wern Izelañ,2016-02-08
122425,2011-08-02,35047,Bruz,Rue,Jules Verne,Rue Jules Verne,Hent,Straed Jules Verne,2016-02-08
136220,2014-01-31,35047,Bruz,La,Noë,La Noë,Kêriadenn,La Noë,2016-02-08
127502,2012-05-03,35047,Bruz,Esplanade,Anita Conti,Esplanade Anita Conti,Hent,Reper Anita Conti,2016-02-08
142683,2015-07-17,35047,Bruz,Rue,Zénaïde Fleuriot,Rue Zénaïde Fleuriot,Hent,Straed Zénaïde Fleuriot,2016-02-08
133702,2013-06-04,35047,Bruz,Impasse,Irène Joliot-Curie,Impasse Irène Joliot-Curie,Hent,Hent-dall Irène Joliot-Curie,2016-02-08
131257,2013-01-29,35047,Bruz,Square de l',Ile de Groix,Square de l' Ile de Groix,Hent,Skwar Enez-Groe,2016-02-08
122414,2011-08-02,35047,Bruz,Rue,Pêr-Jakez Hélias,Rue Pêr-Jakez Hélias,Hent,Straed Pêr-Jakez Heliaz,2016-02-08
144078,2015-12-27,35047,Bruz,Ecluse de,Mons,Ecluse de Mons,Monumant,Skluz Mons,2016-02-08
136099,2014-01-31,35047,Bruz,Parc de la,Herverie,Parc de la Herverie,Monumant,Liorzh La Herverie,2016-02-08
131265,2013-02-05,35047,Bruz,Chemin du,Haut Launay,Chemin du Haut Launay,Hent,Hentig ar Wern Uhelañ,2016-02-08
127504,2012-05-03,35047,Bruz,Esplanade,Colette Besson,Esplanade Colette Besson,Hent,Reper Colette Besson,2016-02-08
143754,2015-11-18,35047,Bruz,Rue,Louis Blériot,Rue Louis Blériot,Hent,Straed Louis Blériot,2016-02-08
133996,2013-07-11,35047,Bruz,Rue de la,Croix Vaisserelle,Rue de la Croix Vaisserelle,Hent,Straed ar Groaz Vaisserelle,2016-02-08
122408,2011-08-02,35047,Bruz,Rue,Eugène Guillevic,Rue Eugène Guillevic,Hent,Straed Eugène Gwilhevig,2016-02-08
131260,2013-01-29,35047,Bruz,Avenue de l',Europe,Avenue de l' Europe,Hent,Bali Europa,2016-02-08
122416,2011-08-02,35047,Bruz,Rue,Jean Guéhenno,Rue Jean Guéhenno,Hent,Straed Jean Gwehenno,2016-02-08
131254,2016-01-22,35047,Bruz,Square,Abbé Pierre,Square Abbé Pierre,Hent,Skwar an Abad Pierre,2016-02-08
136098,2014-01-31,35047,Bruz,Rue,Germaine Marquer,Rue Germaine Marquer,Hent,Straed Germaine Marquer,2016-02-08
131262,2013-02-05,35047,Bruz,,Launay,Launay,Kêriadenn,Ar Wern,2016-02-08
122411,2011-08-02,35047,Bruz,Rue,Noël du Fail,Rue Noël du Fail,Hent,Straed Noël du Fail,2016-02-08
143756,2015-11-18,35047,Bruz,Rue,Gabriel Voisin,Rue Gabriel Voisin,Hent,Straed Gabriel Voisin,2016-02-08
95605,2014-01-31,35047,Bruz,,Champcors,Champcors,Kêriadenn,Champcors,2016-02-08
131263,2013-02-05,35047,Bruz,Chemin du,Bas Launay,Chemin du Bas Launay,Hent,Hentig ar Wern Izelañ,2016-02-08
122418,2011-08-02,35047,Bruz,Rue,Fleming,Rue Fleming,Hent,Straed Fleming,2016-02-08
136114,2014-01-31,35047,Bruz,Château des,Planches,Château des Planches,Monumant,Kastell Les Planches,2016-02-08
127223,2012-04-02,35047,Bruz,Rue,René-Guy Cadou,Rue René-Guy Cadou,Hent,Straed René-Guy Kadou,2016-02-08
127501,2013-01-07,35047,Bruz,Rond-point,Anita Conti,Rond-point Anita Conti,Hent,Kroashent-tro Anita Conti,2016-02-08
142682,2015-07-17,35047,Bruz,Rue,Louis Hémon,Rue Louis Hémon,Hent,Straed Louis Hemon,2016-02-08
131256,2013-01-29,35047,Bruz,Chemin du,Paradis,Chemin du Paradis,Hent,Hentig ar Baradoz,2016-02-08
